Rank,Player Name,Age,Country,Points,Change
1,Jannik Sinner,23,ITA,11330,
2,Alexander Zverev,27,GER,7935,
3,Carlos Alcaraz,21,ESP,6510,
4,Taylor Fritz,27,USA,4800,
5,Novak Djoković,37,SRB,3850,2.0
6,Casper Ruud,26,NOR,3845,-1.0
7,Andrey Rublev,27,RUS,3430,1.0
8,Stefanos Tsitsipas,26,GRE,3305,1.0
9,Daniil Medvedev,29,RUS,3280,-3.0
10,Alex de Minaur,26,AUS,3235,
11,Tommy Paul,27,USA,2930,
12,Jack Draper,23,GBR,2800,2.0
13,Ben Shelton,22,USA,2780,-1.0
14,Grigor Dimitrov,33,BUL,2645,1.0
15,Holger Rune,21,DEN,2620,-2.0
16,Lorenzo Musetti,23,ITA,2600,
17,Frances Tiafoe,27,USA,2435,
18,Félix Auger-Aliassime,24,CAN,2405,
19,Ugo Humbert,26,FRA,2325,
20,Tomáš Macháč,24,CZE,2300,
21,Arthur Fils,20,FRA,2280,
22,Hubert Hurkacz,28,POL,2155,
23,Karen Khachanov,28,RUS,1950,
24,Sebastian Korda,24,USA,1850,1.0
25,Alexei Popyrin,25,AUS,1750,2.0
26,Jiří Lehečka,23,CZE,1735,-2.0
27,Francisco Cerúndolo,26,ARG,1725,-1.0
28,Denis Shapovalov,25,CAN,1666,
29,Giovanni Mpetshi Perricard,21,FRA,1616,1.0
30,Matteo Berrettini,28,ITA,1540,-1.0
31,Alejandro Tabilo,27,CHI,1505,
32,Alex Michelsen,20,USA,1415,
33,Brandon Nakashima,23,USA,1400,
34,Sebastián Báez,24,ARG,1375,
35,Jordan Thompson,30,AUS,1365,3.0
36,Matteo Arnaldi,24,ITA,1360,-1.0
37,Lorenzo Sonego,29,ITA,1346,
38,Alejandro Davidovich Fokina,25,ESP,1325,1.0
39,Flavio Cobolli,22,ITA,1295,1.0
40,Pedro Martínez,27,ESP,1295,1.0
41,Tomás Martín Etcheverry,25,ARG,1265,4.0
42,Alexandre Müller,28,FRA,1240,2.0
43,Tallon Griekspoor,28,NED,1220,
44,Nuno Borges,28,POR,1210,-8.0
45,Gaël Monfils,38,FRA,1180,-3.0
46,Nicolás Jarry,29,CHI,1165,1.0
47,Jan Lennard Struff,34,GER,1150,-1.0
48,Marcos Giron,31,USA,1140,
49,Miomir Kecmanović,25,SRB,1136,
50,Roberto Bautista Agut,36,ESP,1089,
51,Roberto Carballés Baena,31,ESP,1066,1.0
52,Zizou Bergs,25,BEL,1060,1.0
53,Zhizhen Zhang,28,CHN,1045,-2.0
54,Jaume Munar,27,ESP,992,4.0
55,Juncheng Shang,20,CHN,975,
56,David Goffin,34,BEL,973,
57,Jakub Menšík,19,CZE,962,
58,Quentin Halys,28,FRA,951,1.0
59,Luciano Darderi,23,ITA,945,1.0
60,Fábián Marozsán,25,HUN,935,-6.0
61,Benjamin Bonzi,28,FRA,910,1.0
62,Mariano Navone,24,ARG,905,1.0
63,Camilo Ugo Carabelli,25,ARG,870,-2.0
64,Yoshihito Nishioka,29,JPN,866,1.0
65,Francisco Comesaña,24,ARG,866,1.0
66,Learner Tien,19,USA,857,2.0
67,Mattia Bellucci,23,ITA,838,3.0
68,Yunchaokete Bu,23,CHN,833,3.0
69,Hamad Medjedović,21,SRB,829,3.0
70,Arthur Rinderknech,29,FRA,824,3.0
71,Laslo Djere,29,SRB,821,3.0
72,Roman Safiullin,27,RUS,818,-3.0
73,Aleksandar Vukic,28,AUS,814,-9.0
74,Kei Nishikori,35,JPN,793,2.0
75,Christopher O'Connell,30,AUS,785,
76,Daniel Altmaier,26,GER,768,2.0
77,Corentin Moutet,25,FRA,759,2.0
78,Luca Nardi,21,ITA,752,-11.0
79,Joao Fonseca,18,BRA,750,1.0
80,Jacob Fearnley,23,GBR,747,1.0
81,Cameron Norrie,29,GBR,742,-4.0
82,Rinky Hijikata,24,AUS,732,1.0
83,Damir Džumhur,32,BIH,712,1.0
84,Botic van de Zandschulp,29,NED,700,1.0
85,Alexander Bublik,27,KAZ,695,-3.0
86,Gabriel Diallo,23,CAN,690,2.0
87,Márton Fucsovics,33,HUN,666,2.0
88,Raphaël Collignon,23,BEL,652,4.0
89,Jaime Faria,21,POR,649,-2.0
90,Thanasi Kokkinakis,28,AUS,648,-4.0
91,Francesco Passaro,24,ITA,646,-1.0
92,Hugo Gaston,24,FRA,636,1.0
93,Aleksandar Kovačević,26,USA,630,1.0
94,Adam Walton,25,AUS,629,2.0
95,James Duckworth,33,AUS,628,2.0
96,Fabio Fognini,37,ITA,602,-1.0
97,Alexander Shevchenko,24,KAZ,588,1.0
98,Thiago Seyboth Wild,24,BRA,587,-7.0
99,Nishesh Basavareddy,19,USA,587,2.0
100,Hugo Dellien,31,BOL,566,3.0
101,Pavel Kotov,26,RUS,563,1.0
102,Christopher Eubanks,28,USA,563,2.0
103,Jesper de Jong,24,NED,562,3.0
104,Lucas Pouille,31,FRA,559,-5.0
105,Billy Harris,30,GBR,558,2.0
106,Mackenzie McDonald,29,USA,555,3.0
107,Thiago Monteiro,30,BRA,543,-2.0
108,Yannick Hanfmann,33,GER,529,2.0
109,Brandon Holt,26,USA,528,2.0
110,Chun Hsin Tseng,23,TWN,526,-10.0
111,Dušan Lajović,34,SRB,525,-3.0
112,Pablo Carreño Busta,33,ESP,524,
113,Reilly Opelka,27,USA,516,1.0
114,Arthur Cazaux,22,FRA,508,-1.0
115,Tristan Boyer,23,USA,501,2.0
116,Taro Daniel,32,JPN,485,
117,Vít Kopřiva,27,CZE,481,2.0
118,Nicolas Moreno De Alboran,27,USA,468,
119,Alexander Ritschard,30,SUI,466,2.0
120,Kamil Majchrzak,29,POL,462,2.0
121,Daniel Elahi Galán,28,COL,461,2.0
122,Jozef Kovalík,32,SVK,460,3.0
123,Federico Coria,32,ARG,458,5.0
124,Max Purcell,26,AUS,456,
125,Borna Ćorić,28,CRO,455,-5.0
126,Tristan Schoolkate,24,AUS,450,4.0
127,Jérôme Kym,22,SUI,449,4.0
128,Sebastian Ofner,28,AUT,448,-1.0
129,Harold Mayot,23,FRA,445,4.0
130,Juan Manuel Cerúndolo,23,ARG,445,-1.0
131,Thiago Agustín Tirante,23,ARG,443,3.0
132,Otto Virtanen,23,FIN,440,-17.0
133,Román Andrés Burruchaga,23,ARG,430,3.0
134,Federico Agustin Gomez,28,ARG,429,1.0
135,Sumit Nagal,27,IND,428,-3.0
136,Facundo Díaz Acosta,24,ARG,423,3.0
137,Cristian Garín,28,CHI,421,1.0
138,Mitchell Krueger,31,USA,416,2.0
139,Lloyd Harris,28,RSA,416,2.0
140,Marin Čilić,36,CRO,413,2.0
141,Adrian Mannarino,36,FRA,411,-15.0
142,Martin Landaluce,19,ESP,411,1.0
143,Eliot Spizzirri,23,USA,411,1.0
144,Ethan Quinn,20,USA,408,-7.0
145,Dominik Koepfer,30,GER,398,
146,Richard Gasquet,38,FRA,398,2.0
147,Valentin Royer,23,FRA,387,4.0
148,Nikoloz Basilashvili,33,GEO,383,4.0
149,Tomás Barrios Vera,27,CHI,382,4.0
150,Kyrian Jacquet,23,FRA,376,4.0
151,Gustavo Heide,23,BRA,375,-1.0
152,Alejandro Moro Cañas,24,ESP,375,3.0
153,Shintaro Mochizuki,21,JPN,374,-7.0
154,Elmer Møller,21,DEN,370,4.0
155,Grégoire Barrère,31,FRA,367,4.0
156,Ugo Blanchet,26,FRA,360,5.0
157,Yasutaka Uchiyama,32,JPN,359,3.0
158,Henrique Rocha,20,POR,358,4.0
159,Alexis Galarneau,26,CAN,356,4.0
160,Alexander Blockx,19,BEL,354,-4.0
161,Marco Trungelliti,35,ARG,354,-12.0
162,Dalibor Svrčina,22,CZE,351,2.0
163,Lukáš Klein,26,SVK,350,-16.0
164,Mikhail Kukushkin,37,KAZ,345,2.0
165,Duje Ajduković,24,CRO,345,2.0
166,Stan Wawrinka,39,SUI,339,-1.0
167,Carlos Taberner,27,ESP,332,7.0
168,Marc-Andrea Hüsler,28,SUI,330,4.0
169,Calvin Hémery,30,FRA,323,6.0
170,Felipe Meligeni Alves,27,BRA,320,9.0
171,Hady Habib,26,LBN,320,-1.0
172,Juan Pablo Ficovich,28,ARG,318,-3.0
173,Terence Atmane,23,FRA,317,-5.0
174,Luca Van Assche,20,FRA,317,-17.0
175,James Trotter,25,JPN,317,6.0
176,Timofey Skatov,24,KAZ,316,6.0
177,Daniel Evans,34,GBR,311,1.0
178,Liam Draxl,23,CAN,309,-7.0
179,Pierre Hugues Herbert,33,FRA,308,1.0
180,Alibek Kachmazov,22,RUS,308,6.0
181,Li Tu,28,AUS,307,-4.0
182,Jan Choinski,28,GBR,307,2.0
183,Facundo Mena,32,ARG,306,5.0
184,Coleman Wong,20,HKG,305,7.0
185,Sho Shimabukuro,27,JPN,304,7.0
186,Adolfo Daniel Vallejo,20,PAR,300,9.0
187,James McCabe,21,AUS,298,9.0
188,Alex Bolt,32,AUS,297,-5.0
189,Vilius Gaubas,20,LTU,295,-4.0
190,Radu Albot,35,MDA,293,
191,Gijs Brouwer,28,NED,289,3.0
192,August Holmgren,26,DEN,287,8.0
193,Zachary Svajda,22,USA,284,-6.0
194,Hugo Grenier,28,FRA,283,-5.0
195,Nicolás Mejía,25,COL,283,6.0
196,Mark Lajal,21,EST,282,7.0
197,Andrea Collarini,33,ARG,282,5.0
198,Constant Lestienne,32,FRA,280,-22.0
199,Yuta Shimizu,25,JPN,279,-2.0
200,Benjamin Hassan,30,GER,277,4.0
201,Henri Squire,24,GER,274,-28.0
202,Maximilian Marterer,29,GER,271,3.0
203,Aslan Karatsev,31,RUS,267,4.0
204,Lukas Neumayer,22,AUT,267,4.0
205,Aziz Dougaz,27,TUN,265,5.0
206,Antoine Escoffier,33,FRA,265,
207,Gauthier Onclin,24,BEL,264,5.0
208,Beibit Zhukayev,24,KAZ,262,5.0
209,Paul Jubb,25,GBR,260,6.0
210,Titouan Droguet,23,FRA,259,-17.0
211,Bernard Tomic,32,AUS,258,5.0
212,Federico Arnaboldi,24,ITA,257,2.0
213,Matteo Gigante,23,ITA,256,4.0
214,Khumoyun Sultanov,26,UZB,254,4.0
215,Murkel Dellien,27,BOL,254,-16.0
216,Murphy Cassone,22,USA,252,3.0
217,Maks Kaśnikowski,21,POL,250,6.0
218,Albert Ramos Viñolas,37,ESP,249,6.0
219,Arthur Bouquier,24,FRA,247,6.0
220,Jurij Rodionov,25,AUT,246,-11.0
221,Yu-hsiou Hsu,25,TWN,245,5.0
222,Rio Noguchi,26,JPN,245,6.0
223,Ignacio Buse,20,PER,241,4.0
224,Emil Ruusuvuori,25,FIN,240,-3.0
225,Daniel Rincon,22,ESP,240,5.0
226,Rodrigo Pacheco Mendez,19,MEX,240,5.0
227,Edas Butvilas,20,LTU,237,7.0
228,Adrian Andreev,23,BUL,236,7.0
229,Seongchan Hong,27,KOR,235,-18.0
230,Gabriel Debru,19,FRA,235,6.0
231,Tung Lin Wu,26,TWN,234,6.0
232,Omar Jasika,27,AUS,234,1.0
233,Andrea Vavassori,29,ITA,229,-1.0
234,Enzo Couacaud,30,FRA,229,8.0
235,Max Hans Rehberg,21,GER,229,8.0
236,Marek Gengel,29,CZE,228,8.0
237,Filip Jianu,23,ROU,227,-15.0
238,Dmitry Popko,28,KAZ,225,-18.0
239,Filip Misolic,23,AUT,224,7.0
240,Nick Hardt,24,DOM,224,-11.0
241,Viktor Durasovic,27,NOR,224,
242,Matías Soto,25,CHI,223,5.0
243,Javier Barranco Cosano,26,ESP,222,5.0
244,J.J. Wolf,26,USA,221,-5.0
245,Frederico Ferreira Silva,29,POR,220,13.0
246,Stefano Napolitano,29,ITA,219,3.0
247,Juan Pablo Varillas,29,PER,219,-49.0
248,Oriol Roca Batalla,31,ESP,219,2.0
249,Andrés Andrade,26,ECU,216,5.0
250,Pol Martín Tiffon,25,ESP,216,2.0
251,Álvaro Guillén Meza,22,ECU,215,
252,Denis Yevseyev,31,KAZ,215,4.0
253,Gonzalo Oliveira,30,VEN,213,-8.0
254,Sascha Gueymard Wayenburg,21,FRA,213,-1.0
255,Elias Ymer,28,SWE,212,2.0
256,Yan Bai,35,CHN,211,3.0
257,Andrea Pellegrino,27,ITA,210,-2.0
258,Colton Smith,21,USA,209,3.0
259,Valentin Vacherot,26,MON,208,3.0
260,Emilio Nava,23,USA,203,-22.0
261,Chris Rodesch,23,LUX,203,3.0
262,Carlos Sánchez Jover,24,ESP,203,3.0
263,Clément Chidekh,23,FRA,203,-23.0
264,Abdullah Shelbayh,21,JOR,201,3.0
265,Robin Bertrand,21,FRA,201,3.0
266,Lorenzo Giustino,33,ITA,200,3.0
267,Gonzalo Bueno,20,PER,198,3.0
268,Marat Sharipov,22,RUS,197,3.0
269,Juan Bautista Torres,22,ARG,197,3.0
270,Karue Sell,31,BRA,195,4.0
271,Mattéo Martineau,26,FRA,193,-8.0
272,Fajing Sun,28,CHN,192,3.0
273,Stefano Travaglia,33,ITA,190,4.0
274,Zsombor Piros,25,HUN,189,-8.0
275,Francesco Maestrelli,22,ITA,189,-15.0
276,Ilia Simakin,21,RUS,188,2.0
277,Aidan Mayo,21,USA,188,2.0
278,Remy Bertola,26,SUI,187,3.0
279,Pedro Cachín,29,ARG,186,-6.0
280,Johannus Monday,23,GBR,186,2.0
281,Maxime Janvier,28,FRA,184,2.0
282,Dominic Stricker,22,SUI,183,2.0
283,Mathys Erhard,23,FRA,183,2.0
284,Mateus Alves,24,BRA,181,-4.0
285,Leandro Riedi,23,SUI,180,3.0
286,Matej Dodig,19,CRO,179,6.0
287,Mili Poljičak,20,CRO,179,6.0
288,Martin Kližan,35,SVK,177,8.0
289,Geoffrey Blancaneaux,26,FRA,177,8.0
290,Jay Clarke,26,GBR,177,4.0
291,Blake Ellis,26,AUS,177,4.0
292,Michael Mmoh,27,USA,176,6.0
293,Manuel Guinard,29,FRA,174,-4.0
294,Juan Carlos Prado Angelo,19,BOL,174,-4.0
295,Michael Geerts,30,BEL,174,6.0
296,Nicolás Álvarez Varona,23,ESP,173,7.0
297,Arthur Géa,20,FRA,173,-11.0
298,Nicolai Budkov Kjaer,18,NOR,172,1.0
299,Ričardas Berankis,34,LTU,171,-8.0
300,Oleksandr Ovcharenko,23,UKR,170,6.0
301,Joel Schwärzler,19,AUT,170,6.0
302,Santiago Taverna,25,ARG,170,2.0
303,Charles Broom,26,GBR,169,2.0
304,Max Houkes,24,NED,168,4.0
305,Jie Cui,27,CHN,168,-18.0
306,Enrico Dalla Valle,26,ITA,168,3.0
307,Jacopo Berrettini,26,ITA,167,3.0
308,Mika Brunold,20,SUI,166,4.0
309,Ivan Gakhov,28,RUS,166,4.0
310,Alexey Vatutin,32,RUS,164,6.0
311,Oleg Prihodko,27,UKR,163,4.0
312,Guy Den Ouden,22,NED,163,5.0
313,Patrick Zahraj,25,GER,163,6.0
314,Daniel Dutra da Silva,36,BRA,162,4.0
315,Maxime Cressy,27,USA,161,8.0
316,Christoph Negritu,30,GER,161,4.0
317,Rudolf Molleker,24,GER,161,-41.0
318,Ergi Kırkın,26,TUR,160,-18.0
319,Christian Langmo,28,USA,159,14.0
320,Benjamin Lock,31,ZIM,158,1.0
321,Eliakim Coulibaly,22,CIV,157,5.0
322,Lautaro Midon,20,ARG,157,32.0
323,Kimmer Coppejans,31,BEL,156,4.0
324,Andrej Martin,35,SVK,156,4.0
325,Bernabé Zapata Miralles,28,ESP,156,-14.0
326,Maxime Chazal,31,FRA,156,3.0
327,Gastão Elias,34,POR,156,-3.0
328,Masamichi Imamura,26,JPN,154,3.0
329,Corentin Denolly,27,FRA,154,1.0
330,Mats Rosenkranz,26,GER,151,6.0
331,Samuel Vincent Ruggeri,22,ITA,151,-9.0
332,Alex Martí Pujolras,26,ESP,151,5.0
333,Daniel Mérida,20,ESP,150,6.0
334,Diego Schwartzman,32,ARG,149,8.0
335,Genaro Alberto Olivieri,26,ARG,148,-10.0
336,Dino Prižmić,19,CRO,147,8.0
337,Gianluca Mager,30,ITA,146,-23.0
338,Nikolás Sánchez Izquierdo,25,ESP,146,9.0
339,Yosuke Watanuki,26,JPN,144,10.0
340,Philip Sekulic,21,AUS,144,11.0
341,Justin Engel,17,GER,144,9.0
342,Jiří Veselý,31,CZE,144,10.0
343,Jakub Paul,25,SUI,144,
344,Cezar Crețu,23,ROU,143,-9.0
345,Andrea Picchione,26,ITA,143,10.0
346,Jack Pinnington Jones,21,GBR,142,10.0
347,Adria Soriano Barrera,25,COL,142,-7.0
348,Marko Topo,21,GER,141,49.0
349,Luka Pavlovic,24,FRA,141,-3.0
350,Toby Kodat,22,USA,141,11.0
351,Naoki Nakagawa,28,JPN,140,8.0
352,Daniel Michalski,25,POL,139,-18.0
353,Jelle Sels,29,NED,139,14.0
354,Pedro Sakamoto,31,BRA,139,-16.0
355,Rei Sakamoto,18,JPN,138,10.0
356,Petr Bar Biryukov,23,RUS,138,4.0
357,Dennis Novak,31,AUT,138,9.0
358,Kris Van Wyk,28,RSA,138,10.0
359,Oliver Crawford,25,GBR,137,16.0
360,Yi Zhou,19,CHN,136,13.0
361,Marc Polmans,27,AUS,136,8.0
362,Hynek Bartoň,20,CZE,136,2.0
363,Matheus Pucinelli De Almeida,23,BRA,136,-5.0
364,Kaichi Uchida,30,JPN,136,6.0
365,Soonwoo Kwon,27,KOR,135,6.0
366,Franco Roncadelli,25,URU,134,6.0
367,Luciano Emanuel Ambrogi,21,ARG,133,11.0
368,Philip Henning,24,RSA,132,-23.0
369,Dimitar Kuzmanov,31,BUL,132,7.0
370,Vitaliy Sachko,27,UKR,131,14.0
371,Marco Cecchinato,32,ITA,131,9.0
372,Nicholas David Ionel,22,ROU,130,11.0
373,Giles Hussey,27,GBR,128,1.0
374,Stefan Kozlov,27,USA,128,-11.0
375,Sandro Kopp,24,AUT,128,-18.0
376,Luka Mikrut,20,CRO,127,15.0
377,Andre Ilagan,24,USA,127,9.0
378,Pablo Llamas Ruiz,22,ESP,126,10.0
379,Alexey Zakharov,24,RUS,126,10.0
380,Giovanni Fonio,26,ITA,126,13.0
381,Giulio Zeppieri,23,ITA,125,13.0
382,Clément Tabur,25,FRA,125,-41.0
383,Jason Kubler,31,AUS,124,62.0
384,Renzo Olivo,32,ARG,123,-36.0
385,Matthew Dellavedova,24,AUS,122,2.0
386,Gerard Campana Lee,20,KOR,121,9.0
387,Lilian Marmousez,23,FRA,120,20.0
388,Zdeněk Kolář,28,CZE,120,-6.0
389,Robert Strombachs,25,LAT,120,14.0
390,Facundo Bagnis,35,ARG,119,-88.0
391,Ryan Nijboer,25,NED,119,9.0
392,Moerani Bouzige,25,AUS,119,9.0
393,Norbert Gombos,34,SVK,118,9.0
394,Nicola Kuhn,24,GER,118,2.0
395,Alejo Lorenzo Lingua Lavallén,23,ARG,118,9.0
396,Michael Vrbenský,25,CZE,118,-11.0
397,Egor Gerasimov,32,BLR,117,2.0
398,Ryan Seggerman,25,USA,117,7.0
399,Ryan Peniston,29,GBR,117,7.0
400,Govind Nanda,24,USA,116,8.0
401,Anton Matusevich,23,GBR,116,8.0
402,Nerman Fatić,30,BIH,116,-4.0
403,Gabi Adrian Boitan,25,ROU,116,-24.0
404,Henry Searle,18,GBR,115,7.0
405,Joris De Loore,31,BEL,114,9.0
406,Vadym Ursu,28,UKR,114,6.0
407,Pedro Araújo,22,POR,114,8.0
408,Yibing Wu,25,CHN,113,8.0
409,Hernán Casanova,31,ARG,113,19.0
410,Evgenii Tiurnev,27,RUS,113,7.0
411,Patrick Kypson,25,USA,113,-58.0
412,Alexander Weis,27,ITA,113,35.0
413,Guido Iván Justo,27,ARG,113,
414,Tyler Zink,24,USA,112,6.0
415,João Lucas Reis Da Silva,24,BRA,112,11.0
416,Borna Gojo,27,CRO,111,7.0
417,Alastair Gray,26,GBR,111,7.0
418,Micah Braswell,23,USA,111,7.0
419,Kasidit Samrej,24,THA,111,-1.0
420,Evgeny Karlovskiy,30,RUS,111,-30.0
421,Gabriele Piraino,21,ITA,111,1.0
422,Max Alcalá Gurri,22,ESP,110,-3.0
423,Neil Oberleitner,25,AUT,110,4.0
424,Raúl Brancaccio,27,ITA,109,33.0
425,Gabriele Pennaforti,24,ITA,109,8.0
426,David Jordá Sanchis,30,ESP,108,3.0
427,Miguel Damas,25,ESP,108,3.0
428,Lucas Poullain,29,FRA,108,7.0
429,Hiroki Moriya,34,JPN,108,-19.0
430,Garrett Johns,24,USA,107,4.0
431,Daniel Masur,30,GER,106,-99.0
432,Tommaso Compagnucci,25,ITA,106,-1.0
433,Franco Agamenone,31,ITA,106,-41.0
434,Lukáš Pokorný,23,SVK,105,2.0
435,Miloš Karol,22,SVK,104,-3.0
436,Gonzalo Villanueva,30,ARG,103,2.0
437,Jakub Nicod,20,CZE,102,-60.0
438,Mukund Sasikumar,28,IND,102,6.0
439,Stefan Popović,21,SRB,102,
440,Arthur Fery,22,GBR,101,1.0
441,Patrick Maloney,25,USA,101,1.0
442,Milos Raonic,34,CAN,100,-61.0
443,Saba Purtseladze,23,GEO,100,-22.0
444,Petr Nesterov,21,BUL,98,-7.0
445,Ramkumar Ramanathan,30,IND,97,3.0
446,Gianluca Cadenasso,20,ITA,97,4.0
447,Ernesto Escobedo,28,MEX,97,4.0
448,Lucas Gerch,30,GER,96,-2.0
449,Daniil Glinka,24,EST,96,-6.0
450,Michiel De Krom,26,NED,96,3.0
451,Kokoro Isomura,22,JPN,96,3.0
452,Tom Paris,22,FRA,95,3.0
453,Jules Marie,33,FRA,95,3.0
454,Bor Artnak,20,SLO,94,4.0
455,Tiago Pereira,20,POR,94,50.0
456,Tom Gentzsch,21,GER,93,25.0
457,Alessandro Pecci,23,ITA,92,3.0
458,Laurent Lokoli,30,FRA,91,3.0
459,Ajeet Rai,26,NZL,90,9.0
460,Martin Damm,21,USA,89,38.0
461,Tomás Farjat,24,ARG,89,4.0
462,Peter Bertran,28,DOM,89,2.0
463,Stefanos Sakellaridis,20,GRE,89,-11.0
464,Lorenzo Joaquín Rodríguez,25,ARG,88,-2.0
465,Aleksandre Bakshi,27,GEO,88,4.0
466,Orlando Luz,27,BRA,87,-17.0
467,Jake Delaney,27,AUS,87,5.0
468,Pedro Boscardin Dias,22,BRA,87,5.0
469,Aidan McHugh,24,GBR,86,-3.0
470,Dan Alexandru Tomescu,25,ROU,86,-11.0
471,Svyatoslav Gulin,22,RUS,86,-4.0
472,Federico Iannaccone,25,ITA,86,-2.0
473,Maximilian Neuchrist,33,AUT,85,4.0
474,Marvin Möller,26,GER,85,5.0
475,Denis Kudla,32,USA,85,-113.0
476,Roberto Cid Subervi,31,DOM,85,-2.0
477,Blake Mott,28,AUS,85,-2.0
478,Egor Agafonov,22,RUS,85,-2.0
479,Alexandr Binda,23,ITA,85,10.0
480,Valerio Aboian,22,ARG,85,-40.0
481,Stefan Dostanic,23,USA,84,2.0
482,Facundo Juárez,27,ITA,84,10.0
483,Juan Carlos Aguilar,26,CAN,84,1.0
484,Pawel Juszczak,31,POL,84,2.0
485,Karan Singh,21,IND,84,3.0
486,Mariano Kestelboim,29,ARG,83,4.0
487,Leo Borg,21,SWE,83,12.0
488,Alvin Nicholas Tudorica,23,CAN,83,27.0
489,George Loffhagen,23,GBR,82,-11.0
490,Kyle Edmund,30,GBR,82,-10.0
491,Andres Martin,23,USA,82,3.0
492,Moez Echargui,32,TUN,82,3.0
493,Duarte Vale,26,POR,82,-11.0
494,Carlos Lopez Montagud,24,ESP,82,7.0
495,Altuğ Çelikbilek,28,TUR,81,-24.0
496,Michael Agwi,21,IRL,81,-33.0
497,Florent Bax,25,FRA,81,-6.0
498,Jonáš Forejtek,23,CZE,80,-5.0
499,Federico Cina,17,ITA,80,58.0
500,Dan Added,25,FRA,80,2.0
501,Max Wiskandt,23,GER,80,-4.0
502,Lucas Bouquet,27,FRA,79,2.0
503,Yurii Dzhavakian,31,UKR,79,3.0
504,Andrew Paulson,23,CZE,78,3.0
505,Iñaki Montes De La Torre,22,ESP,78,26.0
506,Alafia Ayeni,25,USA,78,-10.0
507,Bruno Kuzuhara,20,USA,78,1.0
508,Eric Vanshelboim,23,UKR,78,1.0
509,Mohamed Safwat,34,EGY,76,-24.0
510,José Pereira,34,BRA,76,2.0
511,Kiranpal Pannu,28,NZL,76,-24.0
512,Peter Fajta,22,HUN,76,2.0
513,Florian Broska,27,GER,75,9.0
514,Mirza Bašić,33,BIH,75,29.0
515,Tibo Colson,24,BEL,75,2.0
516,Martin Krumich,22,CZE,75,-5.0
517,Andrea Guerrieri,26,ITA,74,3.0
518,Federico Bondioli,19,ITA,74,7.0
519,Yusuke Takahashi,27,JPN,73,2.0
520,Mathias Bourgue,31,FRA,73,4.0
521,Riccardo Bonadio,31,ITA,72,-2.0
522,Felix Corwin,28,USA,72,1.0
523,Stefan Palosi,25,ROU,72,-10.0
524,Kirill Kivattsev,27,RUS,72,-6.0
525,João Eduardo Schiessl,20,BRA,72,2.0
526,Bogdan Bobrov,27,RUS,72,2.0
527,Omni Kumar,23,USA,71,-24.0
528,Alberto Barroso Campos,28,ESP,71,1.0
529,Dominik Kellovský,28,CZE,71,-3.0
530,Oleksii Krutykh,24,UKR,71,7.0
531,Alfredo Perez,27,USA,70,-1.0
532,Rigele Te,27,CHN,70,65.0
533,Marcello Serafini,22,ITA,70,2.0
534,Iliyan Radulov,19,BUL,70,-2.0
535,Emile Hudd,24,GBR,70,-2.0
536,Cannon Kingsley,23,USA,69,-2.0
537,Viacheslav Bielinskyi,21,UKR,69,18.0
538,Takuya Kumasaka,26,JPN,68,1.0
539,Antoine Cornut Chauvinc,24,FRA,67,2.0
540,Hikaru Shiraishi,24,JPN,67,4.0
541,Christian Sigsgaard,27,DEN,66,4.0
542,Shintaro Imai,31,JPN,66,8.0
543,Arthur Reymond,25,FRA,66,4.0
544,João Domingues,31,POR,65,5.0
545,Hazem Naw,25,SYR,65,6.0
546,Arthur Weber,32,FRA,65,7.0
547,Andrej Nedic,20,BIH,65,7.0
548,Stuart Parker,27,GBR,65,14.0
549,Diego Dedura Palomero,16,GER,65,7.0
550,Sebastian Fanselow,33,GER,65,8.0
551,Woobin Shin,21,KOR,65,16.0
552,Illya Marchenko,37,UKR,64,-6.0
553,Harrison Adams,30,USA,64,-5.0
554,Julio César Porras,27,ARG,64,6.0
555,Giovanni Oradini,27,ITA,64,8.0
556,Keegan Smith,26,USA,64,-20.0
557,Stijn Slump,26,NED,64,-47.0
558,Sergey Fomin,24,UZB,64,6.0
559,Alex Rybakov,28,USA,63,-7.0
560,Alexis Gautier,27,FRA,63,5.0
561,Fabrizio Andaloro,24,ITA,63,5.0
562,Alex Martinez,23,ESP,62,18.0
563,Alex Barrena,22,ARG,62,10.0
564,Aryan Shah,19,IND,62,5.0
565,Benoît Paire,35,FRA,62,-49.0
566,Eero Vasa,28,FIN,62,4.0
567,Niels Visker,23,NED,62,-8.0
568,Yishai Oliel,25,ISR,61,7.0
569,Ryotaro Taguchi,24,JPN,61,5.0
570,Juan Manuel La Serna,21,ARG,61,6.0
571,Olaf Pieczkowski,20,POL,61,6.0
572,Mario Gonzalez Fernandez,22,ESP,61,7.0
573,Juan Estevez,19,ARG,61,12.0
574,Cem İlkel,29,TUR,60,29.0
575,Alec Beckley,23,RSA,60,6.0
576,Jacob Bradshaw,22,AUS,60,-36.0
577,Kilian Feldbausch,19,SUI,59,16.0
578,Samir Banerjee,21,USA,59,5.0
579,Luca Potenza,24,ITA,59,-37.0
580,Gianmarco Ferrari,24,ITA,59,4.0
581,Yanaki Milev,20,BUL,59,-81.0
582,Leonardo Aboian,26,ARG,59,-4.0
583,Antoine Ghibaudo,20,FRA,58,3.0
584,Keisuke Saitoh,23,JPN,58,3.0
585,Vladyslav Orlov,29,UKR,58,4.0
586,Trevor Svajda,18,USA,57,5.0
587,Max Basing,22,GBR,57,5.0
588,Aristotelis Thanos,23,GRE,57,7.0
589,Ye Cong Mo,24,CHN,57,9.0
590,Juan Pablo Paz,30,ARG,57,-8.0
591,Diego Augusto Barreto Sánchez,22,ESP,57,5.0
592,Steven Diez,33,CAN,56,2.0
593,Eduardo Ribeiro,26,BRA,56,-32.0
594,Louis Dussin,25,FRA,56,7.0
595,Ilya Snițari,22,MDA,56,5.0
596,Erik Arutiunian,20,BLR,56,-8.0
597,Felix Gill,22,GBR,54,8.0
598,Strong Kirchheimer,29,USA,54,10.0
599,Dušan Obradović,23,SRB,54,11.0
600,Dev Javia,22,IND,54,9.0
601,Louis Weßels,26,GER,54,10.0
602,Filip Peliwo,31,POL,54,10.0
603,Daniel Cukierman,29,ISR,53,-32.0
604,Edward Winter,20,AUS,53,9.0
605,Yankı Erel,24,TUR,53,1.0
606,Nino Serdarušić,28,CRO,52,-2.0
607,Sanhui Shin,27,KOR,52,57.0
608,Elliot Benchetrit,26,MAR,52,6.0
609,Dominik Palan,24,CZE,52,6.0
610,Mitsuki Wei Kang Leong,20,MAS,52,6.0
611,Jacob Brumm,26,USA,52,6.0
612,Radu Mihai Papoe,22,ROU,51,7.0
613,Gilles Arnaud Bailly,19,BEL,51,8.0
614,Elmar Ejupovic,32,GER,51,8.0
615,Constantin Bittoun Kouzmine,26,FRA,51,9.0
616,Savva Polukhin,26,RUS,50,9.0
617,Trey Hilderbrand,24,USA,50,3.0
618,Igor Gimenez,25,BRA,50,8.0
619,Karl Poling,25,USA,50,8.0
620,Evan Zhu,26,USA,50,8.0
621,Ryuki Matsuda,25,JPN,50,-3.0
622,Sebastian Gima,22,ROU,50,7.0
623,Aidan Kim,20,USA,49,8.0
624,Dominic Thiem,31,AUT,49,8.0
625,Alex Hernandez,25,MEX,49,8.0
626,Johan Nikles,27,SUI,49,8.0
627,Loann Massard,19,FRA,49,9.0
628,Harry Wendelken,23,GBR,49,2.0
629,Evgeny Donskoy,34,RUS,48,8.0
630,Liam Gavrielides,21,GER,48,-31.0
631,Maxim Zhukov,20,RUS,48,-8.0
632,John Sperle,23,GER,48,3.0
633,Mariano Tammaro,21,ITA,48,6.0
634,Alejandro Manzanera Pertusa,21,ESP,48,11.0
635,Alex Molčan,27,SVK,47,-45.0
636,Timo Legout,22,FRA,47,6.0
637,Damien Wenger,24,SUI,47,-65.0
638,Mateo Barreiros Reyes,24,BRA,47,5.0
639,Maé Malige,18,FRA,47,-71.0
640,Maximus Jones,20,THA,47,4.0
641,Emilien Demanet,19,BEL,47,-1.0
642,Kosuke Ogura,29,JPN,47,4.0
643,Juan Sebastián Gómez,32,COL,46,4.0
644,Kenta Miyoshi,20,JPN,46,4.0
645,Olle Wallin,23,SWE,46,4.0
646,Alexander Donski,26,BUL,46,4.0
647,Ewen Lumsden,25,GBR,46,6.0
648,Branko Djuric,20,SRB,46,-41.0
649,Franco Ribero,25,ARG,46,13.0
650,Mikalai Haliak,26,BLR,45,5.0
651,Sebastian Sorger,19,AUT,45,6.0
652,Deney Wassermann,23,NED,45,4.0
653,Dane Sweeny,24,AUS,45,12.0
654,Tim Handel,28,GER,45,4.0
655,Maxence Beaugé,24,FRA,45,4.0
656,Maxwell Mckennon,22,USA,45,4.0
657,Hamish Stewart,25,GBR,44,-6.0
658,Imanol López Morillo,25,ESP,44,8.0
659,Leonardo Rossi,22,ITA,44,4.0
660,Alejo Sanchez Quilez,19,ESP,44,-19.0
661,Adrian Oetzbach,27,GER,44,-7.0
662,Tadeáš Paroulek,25,CZE,43,136.0
663,Hyeon Chung,28,KOR,43,5.0
664,Thai Son Kwiatkowski,30,USA,43,-126.0
665,Kyle Kang,20,USA,43,4.0
666,Antoine Bellier,28,SUI,43,4.0
667,Théo Papamalamis,19,FRA,43,-65.0
668,Yuki Mochizuki,27,JPN,43,3.0
669,Aleksandr Braynin,25,UKR,43,3.0
670,Ben Jones,26,GBR,43,-9.0
671,Ignacio Monzón,27,ARG,43,2.0
672,Andrey Chepelev,26,RUS,43,11.0
673,Alessandro Giannessi,34,ITA,42,-35.0
674,Darwin Blanch,17,USA,42,-22.0
675,Hayato Matsuoka,20,JPN,42,6.0
676,Jack Logé,20,BEL,42,6.0
677,Pedro Vives Marcos,23,ESP,41,7.0
678,Taisei Ichikawa,24,JPN,41,1.0
679,Buvaysar Gadamauri,24,BEL,41,8.0
680,John Echeverria,23,ESP,41,35.0
681,Amr Elsayed,25,EGY,41,-14.0
682,Samir Hamza Reguig,23,ALG,41,-5.0
683,Adam Neff,23,USA,40,6.0
684,Nick Chappell,32,USA,40,1.0
685,Axel Garcian,22,FRA,40,-5.0
686,Colin Sinclair,30,NMI,40,4.0
687,Massimo Giunta,20,ITA,40,4.0
688,Kenny de Schepper,37,FRA,40,-14.0
689,Bautista Vilicich,23,ARG,40,3.0
690,Noah Schachter,25,USA,40,-15.0
691,Maxence Rivet,21,FRA,40,9.0
692,Devin Badenhorst,20,RSA,39,3.0
693,Federico Gaio,32,ITA,39,3.0
694,Linang Xiao,24,CHN,39,4.0
695,Nikolay Vylegzhanin,24,RUS,39,-1.0
696,Tsung Hao Huang,25,TWN,39,3.0
697,Aziz Ouakaa,25,TUN,39,-21.0
698,Gerald Melzer,34,AUT,38,-20.0
699,James Story,23,GBR,38,3.0
700,Thanapet Chanta,25,THA,38,12.0
701,Taha Baadi,23,CAN,38,2.0
702,Albert Pedrico Kravtsov,19,ESP,38,3.0
703,Tristan Lamasine,31,FRA,38,1.0
704,Yaroslav Demin,19,RUS,38,2.0
705,Wishaya Trongcharoenchaikul,29,THA,38,2.0
706,Marlon Vankan,24,GER,38,2.0
707,Nicolás Kicker,32,ARG,37,2.0
708,JiSung Nam,31,KOR,37,13.0
709,Orel Kimhi,21,ISR,37,-23.0
710,Lautaro Agustin Falabella,27,ARG,37,6.0
711,Dali Blanch,21,USA,37,7.0
712,Sergi Perez Contri,27,ESP,37,7.0
713,Filip Krajinović,33,SRB,36,-12.0
714,Etienne Donnet,24,FRA,36,19.0
715,Johan Alexander Rodriguez,21,COL,36,-1.0
716,Maik Steiner,30,GER,36,-23.0
717,Alex Knaff,27,LUX,36,3.0
718,Tristan McCormick,25,USA,36,11.0
719,Michael Zheng,21,USA,35,5.0
720,Karlis Ozolins,22,LAT,35,5.0
721,Peter Heller,32,GER,35,-11.0
722,Filippo Romano,19,ITA,35,
723,Tennys Sandgren,33,USA,34,7.0
724,Rudy Quan,19,USA,34,7.0
725,Liam Broady,31,GBR,34,-28.0
726,Quinn Vandecasteele,22,USA,34,6.0
727,Nino Ehrenschneider,23,GER,34,48.0
728,Samuele Pieri,23,ITA,34,-1.0
729,Paulo Andre Saraiva Dos Santos,24,BRA,34,6.0
730,Luca Castagnola,22,ITA,34,-13.0
731,Diego Fernandez Flores,24,CHI,34,-3.0
732,Leo Vithoontien,25,JPN,34,6.0
733,Zura Tkemaladze,24,GEO,34,4.0
734,Gavin Young,22,USA,33,6.0
735,Oliver Tarvet,21,GBR,33,6.0
736,Edoardo Lavagno,26,ITA,33,6.0
737,Nam Hoang Ly,28,VIE,33,6.0
738,Filip Jeff Planinsek,23,SLO,33,6.0
739,Mikhail Gorokhov,21,RUS,33,-13.0
740,Guillaume Dalmasso,22,FRA,33,6.0
741,Luca Castelnuovo,28,SUI,33,51.0
742,Filip Pieczonka,20,POL,33,5.0
743,Ivan Marrero Curbelo,26,ESP,33,14.0
744,Joshua Sheehy,28,USA,33,37.0
745,Niccolo Catini,27,ITA,33,39.0
746,Fares Zakaria,23,EGY,33,-58.0
747,Mikael Ymer,26,SWE,32,3.0
748,Daniel Milavsky,23,USA,32,3.0
749,Tianhui Zhang,19,CHN,32,83.0
750,Bogdan Pavel,25,ROU,32,-5.0
751,Ioan Alexandru Chirita,22,ROU,32,4.0
752,Adam Heinonen,22,SWE,32,2.0
753,Adhithya Ganesan,19,USA,32,5.0
754,Tomohiro Masabayashi,26,JPN,32,2.0
755,William Grant,24,USA,32,4.0
756,Lorenzo Carboni,19,ITA,32,4.0
757,Wilson Leite,33,BRA,32,-8.0
758,Michele Ribecai,22,ITA,32,-19.0
759,Khololwam Montsi,22,RSA,31,2.0
760,Martin Borisiouk,24,BLR,31,2.0
761,Duck-hee Lee,26,KOR,31,28.0
762,Alan Fernando Rubio Fierros,26,MEX,31,2.0
763,Ryan Fishback,22,USA,31,208.0
764,Alexander Klintcharov,28,NZL,31,2.0
765,Alexander Stater,25,USA,31,2.0
766,Alexandre Reco,25,FRA,31,2.0
767,Stefan Adrian Andreescu,23,ROU,31,-31.0
768,Louis Tessa,26,FRA,31,2.0
769,Manas Dhamne,17,IND,31,
770,Nathan Ponwith,26,USA,31,1.0
771,Kaylan Bigun,18,USA,30,2.0
772,Miljan Zekić,36,SRB,30,2.0
773,Antoine Hoang,29,FRA,30,-21.0
774,Vuk Radjenovic,19,SRB,30,2.0
775,Francisco Rocha,25,POR,30,-10.0
776,James Watt,24,NZL,30,1.0
777,Kane Bonsach Ganley,20,DEN,30,2.0
778,S D Prajwal Dev,28,IND,30,2.0
779,Kai Wehnelt,29,GER,30,3.0
780,Dan Martin,25,CAN,30,5.0
781,Henry Bernet,18,SUI,29,5.0
782,Blaž Rola,34,SLO,29,5.0
783,Ozan Baris,20,USA,29,5.0
784,Luke Saville,31,AUS,29,-73.0
785,Siddharth Vishwakarma,30,IND,29,5.0
786,Cengiz Aksu,26,TUR,29,5.0
787,Gergely Madarász,30,HUN,29,-74.0
788,Matt Hulme,26,AUS,29,5.0
789,Carlo Alberto Caniato,19,ITA,29,17.0
790,Guido Andreozzi,33,ARG,28,7.0
791,Conner Huertas del Pino,29,PER,28,8.0
792,Sander Jong,24,NED,28,-20.0
793,Oliver Anderson,26,AUS,28,8.0
794,Shinji Hazawa,25,JPN,28,14.0
795,Lorenzo Rottoli,23,ITA,28,
796,Fausto Tabacco,22,ITA,28,-48.0
797,Daniel Pátý,25,CZE,28,6.0
798,Daniel Antonio Núñez,23,CHI,28,7.0
799,Denis Klok,26,RUS,28,-21.0
800,Ignacio Parisca Romera,19,VEN,28,12.0
801,Ezekiel Clark,26,USA,28,-5.0
802,Giuseppe La Vela,24,ITA,28,-79.0
803,Ulises Blanch,26,USA,27,4.0
804,David Pichler,29,AUT,27,-41.0
805,Nicolas Zanellato,23,BRA,27,-52.0
806,Jakub Filip,19,CZE,27,3.0
807,Luca Wiedenmann,26,GER,27,3.0
808,Pavle Marinkov,19,AUS,27,29.0
809,Juan Bautista Otegui,26,ARG,27,-15.0
810,Enzo Wallart,28,FRA,27,1.0
811,Miles Jones,24,USA,27,-7.0
812,Peter Benjamin Privara,20,SVK,26,2.0
813,Mert Alkaya,24,TUR,26,21.0
814,Peter Buldorini,20,IRL,26,-12.0
815,Philip Hjorth,25,DEN,26,
816,Stefano D'Agostino,21,ITA,26,2.0
817,Oscar Otte,31,GER,25,2.0
818,Pierluigi Basile,18,ITA,25,2.0
819,Millen Hurrion,25,GBR,25,3.0
820,Evgeny Philippov,23,RUS,25,-3.0
821,Benjamin Winter Lopez,26,ESP,25,4.0
822,Simon Beaupain,25,BEL,25,-88.0
823,Skander Mansouri,29,TUN,24,5.0
824,Juan Ignacio Lóndero,31,ARG,24,5.0
825,Cruz Hewitt,16,AUS,24,350.0
826,Vasek Pospisil,34,CAN,24,4.0
827,Manuel Mazza,25,ITA,24,4.0
828,Pawit Sornlaksup,25,THA,24,5.0
829,Toby Martin,32,GBR,24,9.0
830,Dragos Nicolae Cazacu,21,ROU,24,-3.0
831,Maxence Bertimon,25,FRA,24,9.0
832,Lorenzo Bocchi,27,ITA,23,10.0
833,Alexander Bernard,21,USA,23,10.0
834,Jack Anthrop,21,USA,23,10.0
835,Felix Balshaw,18,FRA,23,10.0
836,Luis Carlos Alvarez,20,MEX,23,11.0
837,Renta Tokuda,26,JPN,23,11.0
838,Francesco Ferrari,27,ITA,23,-3.0
839,Saša Marković,19,SRB,23,12.0
840,Sidharth Rawat,31,IND,23,12.0
841,Diogo Marques,25,POR,23,12.0
842,Collin Altamirano,29,USA,23,12.0
843,Gabriele Maria Noce,29,ITA,23,-4.0
844,Matthew William Donald,20,CZE,23,13.0
845,Dhakshineswar Suresh,24,IND,22,14.0
846,Nikola Milojević,29,SRB,22,
847,Maxim Mrva,17,CZE,22,13.0
848,Patrick Brady,20,GBR,22,13.0
849,Victor Lilov,21,USA,22,13.0
850,Tyler Stice,24,USA,22,72.0
851,Kuan Yi Lee,28,TWN,22,25.0
852,Martin Van Der Meerschen,24,BEL,22,35.0
853,Ioannis Xilas,23,GRE,22,-40.0
854,Mees Rottgering,17,NED,22,-4.0
855,Petr Brunclik,18,CZE,22,55.0
856,Joaquin Aguilar Cardozo,19,URU,22,-32.0
857,Yuta Kikuchi,25,JPN,22,7.0
858,Matthew Summers,26,GBR,22,7.0
859,Tomas Curras Abasolo,24,ESP,22,54.0
860,Illya Beloborodko,23,UKR,22,6.0
861,Lasse Poertner,19,GER,22,7.0
862,Jasza Szajrych,22,POL,22,-6.0
863,Martyn Pawelski,20,POL,22,-80.0
864,Mihai Razvan Marinescu,23,ROU,22,8.0
865,Pietro Marino,23,ITA,22,6.0
866,Grigoriy Lomakin,26,KAZ,22,-8.0
867,Jay Dylan Hara Friend,21,JPN,21,6.0
868,Maximilian Homberg,22,GER,21,6.0
869,Alexander Kotzen,24,USA,21,6.0
870,Karim Mohamed Maamoun,33,EGY,21,7.0
871,Naoya Honda,18,JPN,21,7.0
872,Georgii Kravchenko,24,UKR,21,-23.0
873,Evan Furness,26,FRA,21,-50.0
874,Nikita Mashtakov,25,UKR,21,5.0
875,Amaury Raynel,22,FRA,21,5.0
876,Sebastian Eriksson,19,SWE,21,6.0
877,Sheng Tang,25,CHN,21,4.0
878,Vlad Andrei Dancu,25,ROU,21,-23.0
879,Josip Simundza,20,CRO,21,17.0
880,Noah Perfetti,23,ITA,21,-10.0
881,Ivan Nedelko,38,RUS,20,3.0
882,Yun seong Chung,26,KOR,20,3.0
883,Isaiah Strode,27,USA,20,3.0
884,Alan Magadan,23,MEX,20,4.0
885,Daniil Ostapenkov,21,BLR,20,5.0
886,Cyril Vandermeersch,25,FRA,20,-23.0
887,Elgin Khoeblal,23,NED,20,4.0
888,Adil Kalyanpur,25,IND,20,-21.0
889,Mert Naci Türker,26,TUR,20,4.0
890,Aliaksandr Liaonenka,25,BLR,20,22.0
891,Sebastian Prechtel,28,GER,20,3.0
892,Sergio Callejon Hernando,20,ESP,20,-23.0
893,Alexandre Aubriot,25,FRA,20,-67.0
894,Seydina Andre,21,SEN,20,4.0
895,Taiyo Yamanaka,23,JPN,20,2.0
896,Saveliy Ivanov,20,RUS,20,-55.0
897,Pierre Yves Bailly,21,BEL,19,3.0
898,Rafael Jodar,18,ESP,19,3.0
899,Kaito Uesugi,29,JPN,19,3.0
900,Alec Deckers,24,NED,19,3.0
901,Cooper Williams,19,USA,19,3.0
902,Jesse Flores,29,CRC,19,-13.0
903,Alessandro Bellifemine,23,ITA,19,2.0
904,Pierre Delage,24,FRA,19,-12.0
905,Dinko Dinev,21,BUL,19,2.0
906,Niels Lootsma,30,NED,19,
907,Chase Ferguson,26,AUS,19,1.0
908,Matt Kuhar,28,USA,19,3.0
909,Iannis Miletich,19,ITA,19,6.0
910,Kuzey Cekirge,24,TUR,19,6.0
911,Juan Sebastian Osorio,27,COL,19,21.0
912,Kristjan Tamm,26,EST,19,21.0
913,Niklas Schell,26,GER,19,4.0
914,Benito Sánchez Martinez,22,GER,18,4.0
915,Akira Santillan,27,AUS,18,24.0
916,Thomas Fancutt,30,AUS,18,-95.0
917,Jack Loutit,20,NZL,18,2.0
917,Patrick Schoen,19,SUI,18,2.0
919,Viktor Jović,23,SRB,18,2.0
920,John Hallquist Lithen,23,SWE,18,2.0
921,Manish Sureshkumar,25,IND,18,3.0
922,Nikola Basic,23,CRO,18,3.0
923,Mwendwa Mbithi,27,USA,18,3.0
924,Matyáš Černý,23,CZE,18,3.0
925,Luca Fantini,24,ITA,18,3.0
926,Yanis Ghazouani Durand,24,FRA,18,-110.0
927,Joshua Charlton,25,AUS,18,2.0
928,Amit Vales,19,ISR,18,-33.0
929,Aleksandr Lobanov,23,RUS,18,5.0
930,Michael Bassem Sobhy,20,EGY,18,-47.0
931,Niccolo Ciavarella,20,ITA,18,4.0
932,Charlie Camus,18,FRA,18,-33.0
933,Jenson Brooksby,24,USA,17,4.0
934,Petar Jovanovic,21,MNE,17,4.0
935,Maciej Rajski,33,POL,17,5.0
936,Sora Fukuda,27,JPN,17,6.0
937,Justin Boulais,23,CAN,17,8.0
938,Yuta Kawahashi,27,JPN,17,8.0
939,Ignacio Antonio Becerra Otarola,24,CHI,17,-30.0
940,Gregor Ramskogler,26,AUT,17,8.0
941,Nicolas Jadoun,22,FRA,17,9.0
942,Benjamin Thomas George,22,CAN,17,7.0
943,Chirag Duhan,21,IND,17,8.0
944,Gabriele Bosio,24,ITA,17,-13.0
945,Daisuke Sumizawa,26,JPN,17,9.0
946,Abel Forger,19,NED,17,9.0
947,Corban Crowther,21,NZL,17,-11.0
948,Michael Zhu,32,USA,17,8.0
949,João Sousa,35,POR,16,8.0
950,Georgi Georgiev,18,BUL,16,8.0
951,Henrik Wiersholm,27,USA,16,8.0
952,Oliver Bonding,17,GBR,16,7.0
953,Savriyan Danilov,24,RUS,16,8.0
954,Eric Hadigian,25,USA,16,8.0
955,Arda Azkara,21,TUR,16,8.0
955,Ryotero Matsumura,28,JPN,16,8.0
957,Seita Watanabe,24,JPN,16,-14.0
958,Niccolo Baroni,21,ITA,16,-14.0
959,Nicolas Tepmahc,23,FRA,16,6.0
960,Chan yeong Oh,26,KOR,16,6.0
961,Andrin Casanova,20,SUI,16,6.0
962,Robin Catry,22,FRA,16,6.0
963,Gustavo Ribeiro De Almeida,18,BRA,16,24.0
964,Pengyu Lu,23,CHN,16,26.0
965,Andrew Fenty,24,USA,16,-51.0
966,Finn Bass,25,GBR,16,-13.0
967,Patrick Kaukovalta,26,FIN,16,7.0
968,Preston Brown,23,USA,16,4.0
969,Aldin Šetkić,37,BIH,16,4.0
970,Thiago Cigarran,24,ARG,16,5.0
971,Jesse Delaney,26,AUS,16,6.0
972,Uisung Park,24,KOR,15,7.0
973,Lucas Marionneau,18,FRA,15,7.0
974,Aristarkh Safonov,21,RUS,15,7.0
975,Mariano Dedura Palomero,19,GER,15,8.0
976,Fermin Tenti,27,ARG,15,6.0
977,Derek Pham,20,AUS,15,7.0
978,Isaac Becroft,24,NZL,15,8.0
979,Zhenxiong Dong,26,CHN,15,12.0
980,Stefan Latinovic,25,SRB,15,9.0
981,Andrea Fiorentini,24,ITA,15,11.0
982,Elijah Strode,23,USA,15,48.0
983,Gian Marco Ortenzi,25,ITA,15,-14.0
984,Sidane Pontjodikromo,24,NED,15,-14.0
985,Matteo De Vincentis,26,ITA,15,9.0
986,Pablo Masjuan Ginel,22,ESP,15,9.0
987,Brian Bozemoj,21,NED,15,11.0
988,Arthur Nagel,21,FRA,15,8.0
988,Luc Fomba,26,FRA,15,8.0
990,Fernando Cavallo,19,ARG,15,-38.0
991,Dimitris Azoidis,24,GRE,15,25.0
992,Jan Kupčič,23,SLO,15,7.0
993,Ezequiel Monferrer,21,ARG,15,-17.0
994,Yuvan Nandal,19,IND,15,9.0
995,Oscar Jose Gutierrez,31,BRA,15,-17.0
996,Dylan Dietrich,20,SUI,14,8.0
997,Amir Omarkhanov,17,KAZ,14,42.0
998,Sean Cuenin,21,FRA,14,7.0
999,Thomas Braithwaite,25,AUS,14,25.0
1000,Semen Pankin,25,RUS,14,6.0
