rank,Player,Age,Nationality,Flag,Pts
667,Samir Hamza Reguig,23,ALG,,44
28,Francisco Cerúndolo,26,ARG,AR,1675
41,Tomás Martín Etcheverry,25,ARG,AR,1240
46,Sebastián Báez,24,ARG,AR,1110
64,Mariano Navone,23,ARG,AR,890
78,Francisco Comesaña,24,ARG,AR,748
84,Camilo Ugo Carabelli,25,ARG,AR,697
123,Juan Manuel Cerúndolo,23,ARG,AR,476
128,Thiago Agustín Tirante,23,ARG,AR,461
130,Facundo Díaz Acosta,24,ARG,AR,448
134,Román Andrés Burruchaga,23,ARG,AR,442
135,Federico Agustin Gomez,28,ARG,AR,442
136,Federico Coria,32,ARG,AR,433
140,Marco Trungelliti,35,ARG,AR,417
173,Juan Pablo Ficovich,28,ARG,AR,330
185,Facundo Mena,32,ARG,AR,314
204,Andrea Collarini,33,ARG,AR,280
272,Juan Bautista Torres,22,ARG,AR,197
273,Pedro Cachín,29,ARG,AR,196
292,Facundo Bagnis,34,ARG,AR,180
308,Santiago Taverna,25,ARG,AR,170
328,Genaro Alberto Olivieri,26,ARG,AR,158
341,Diego Schwartzman,32,ARG,AR,149
350,Lautaro Midon,20,ARG,AR,143
363,Renzo Olivo,32,ARG,AR,137
376,Luciano Emanuel Ambrogi,21,ARG,AR,131
395,Alejo Lorenzo Lingua Lavallén,23,ARG,AR,120
409,Guido Iván Justo,27,ARG,AR,115
432,Hernán Casanova,31,ARG,AR,106
437,Gonzalo Villanueva,30,ARG,AR,105
441,Valerio Aboian,22,ARG,AR,102
461,Lorenzo Joaquín Rodríguez,25,ARG,AR,91
467,Tomás Farjat,24,ARG,AR,88
492,Mariano Kestelboim,29,ARG,AR,82
541,Julio César Porras,26,ARG,AR,67
565,Juan Pablo Paz,30,ARG,AR,63
570,Juan Manuel La Serna,21,ARG,AR,62
573,Alex Barrena,22,ARG,AR,61
577,Leonardo Aboian,26,ARG,AR,61
587,Juan Estevez,19,ARG,AR,58
658,Franco Ribero,25,ARG,AR,45
689,Ignacio Monzón,27,ARG,AR,41
695,Bautista Vilicich,23,ARG,AR,40
714,Nicolás Kicker,32,ARG,AR,37
716,Lautaro Agustin Falabella,27,ARG,AR,37
771,Juan Bautista Otegui,25,ARG,AR,31
801,Guido Andreozzi,33,ARG,AR,28
829,Juan Ignacio Lóndero,31,ARG,AR,24
955,Fernando Cavallo,19,ARG,AR,17
972,Thiago Cigarran,24,ARG,AR,16
973,Ezequiel Monferrer,21,ARG,AR,16
981,Fermin Tenti,27,ARG,AR,15
986,Matías Franco Descotte,30,ARG,AR,15
8,Alex de Minaur,26,AUS,AU,3785
26,Alexei Popyrin,25,AUS,AU,1700
36,Jordan Thompson,30,AUS,AU,1375
66,Aleksandar Vukic,28,AUS,AU,868
73,Christopher O'Connell,30,AUS,AU,780
81,Rinky Hijikata,23,AUS,AU,735
83,Thanasi Kokkinakis,28,AUS,AU,703
93,James Duckworth,33,AUS,AU,628
97,Adam Walton,25,AUS,AU,616
126,Max Purcell,26,AUS,AU,466
133,Tristan Schoolkate,23,AUS,AU,446
169,Li Tu,28,AUS,AU,336
194,Alex Bolt,32,AUS,AU,307
207,James McCabe,21,AUS,AU,271
220,Bernard Tomic,32,AUS,AU,256
223,Omar Jasika,27,AUS,AU,246
304,Blake Ellis,26,AUS,AU,173
325,Philip Sekulic,21,AUS,AU,160
364,Marc Polmans,27,AUS,AU,136
381,Matthew Dellavedova,24,AUS,AU,127
399,Moerani Bouzige,25,AUS,AU,119
473,Jake Delaney,27,AUS,AU,87
476,Blake Mott,28,AUS,AU,86
516,Jason Kubler,31,AUS,AU,74
537,Jacob Bradshaw,22,AUS,AU,69
614,Edward Winter,20,AUS,AU,53
681,Dane Sweeny,24,AUS,AU,42
693,Luke Saville,31,AUS,AU,40
797,Matt Hulme,26,AUS,AU,29
804,Oliver Anderson,26,AUS,AU,28
820,Thomas Fancutt,29,AUS,AU,25
836,Pavle Marinkov,19,AUS,AU,24
928,Chase Ferguson,26,AUS,AU,18
940,Akira Santillan,27,AUS,AU,17
950,Joshua Charlton,25,AUS,AU,17
974,Jesse Delaney,26,AUS,AU,16
982,Derek Pham,20,AUS,AU,15
115,Sebastian Ofner,28,AUT,AT,508
211,Lukas Neumayer,22,AUT,AT,267
219,Jurij Rodionov,25,AUT,AT,258
245,Filip Misolic,23,AUT,AT,222
311,Joel Schwärzler,19,AUT,AT,166
329,Sandro Kopp,24,AUT,AT,157
369,Dennis Novak,31,AUT,AT,135
440,Neil Oberleitner,25,AUT,AT,102
562,Maximilian Neuchrist,33,AUT,AT,63
632,Dominic Thiem,31,AUT,AT,49
656,Sebastian Sorger,19,AUT,AT,45
678,Gerald Melzer,34,AUT,AT,42
766,David Pichler,29,AUT,AT,31
947,Gregor Ramskogler,26,AUT,AT,17
1000,Guy Orly Iradukunda,28,BDI,,14
55,Zizou Bergs,25,BEL,,1035
63,David Goffin,34,BEL,,906
121,Raphaël Collignon,23,BEL,,491
152,Alexander Blockx,19,BEL,,375
215,Gauthier Onclin,23,BEL,,264
301,Michael Geerts,30,BEL,,174
313,Joris De Loore,31,BEL,,164
331,Kimmer Coppejans,31,BEL,,156
497,Tibo Colson,24,BEL,,80
622,Gilles Arnaud Bailly,19,BEL,,51
649,Emilien Demanet,19,BEL,,46
688,Buvaysar Gadamauri,24,BEL,,41
700,Jack Logé,20,BEL,,40
739,Simon Beaupain,25,BEL,,34
886,Martin Van Der Meerschen,24,BEL,,20
901,Pierre Yves Bailly,21,BEL,,19
89,Damir Džumhur,32,BIH,,662
435,Nerman Fatić,30,BIH,,105
549,Mirza Bašić,33,BIH,,66
593,Andrej Nedic,20,BIH,,57
970,Aldin Šetkić,37,BIH,,16
390,Egor Gerasimov,32,BLR,,121
611,Erik Arutiunian,20,BLR,,54
652,Mikalai Haliak,26,BLR,,45
765,Martin Borisiouk,24,BLR,,31
906,Daniil Ostapenkov,21,BLR,,19
913,Aliaksandr Liaonenka,25,BLR,,19
101,Hugo Dellien,31,BOL,,572
199,Murkel Dellien,27,BOL,,295
294,Juan Carlos Prado Angelo,19,BOL,,180
76,Joao Fonseca,18,BRA,,750
86,Thiago Seyboth Wild,24,BRA,,682
107,Thiago Monteiro,30,BRA,,540
160,Gustavo Heide,22,BRA,,359
193,Felipe Meligeni Alves,27,BRA,,307
275,Karue Sell,31,BRA,,195
283,Mateus Alves,24,BRA,,187
318,Daniel Dutra da Silva,36,BRA,,163
338,Pedro Sakamoto,31,BRA,,151
356,Matheus Pucinelli De Almeida,23,BRA,,141
422,João Lucas Reis Da Silva,24,BRA,,110
463,Orlando Luz,27,BRA,,90
466,Pedro Boscardin Dias,22,BRA,,89
522,José Pereira,34,BRA,,73
526,João Eduardo Schiessl,20,BRA,,72
560,Eduardo Ribeiro,26,BRA,,64
623,Igor Gimenez,25,BRA,,51
643,Mateo Barreiros Reyes,24,BRA,,47
755,Nicolas Zanellato,23,BRA,,32
760,Wilson Leite,33,BRA,,32
788,Paulo Andre Saraiva Dos Santos,24,BRA,,30
975,Oscar Jose Gutierrez,31,BRA,,16
979,Gabriel Décamps,25,BRA,,15
16,Grigor Dimitrov,33,BUL,,2745
231,Adrian Andreev,23,BUL,,236
360,Dimitar Kuzmanov,31,BUL,,138
436,Petr Nesterov,21,BUL,,105
495,Yanaki Milev,20,BUL,,81
534,Iliyan Radulov,19,BUL,,70
767,Alexander Donski,26,BUL,,31
958,Georgi Georgiev,18,BUL,,16
21,Félix Auger-Aliassime,24,CAN,,2055
31,Denis Shapovalov,25,CAN,,1496
88,Gabriel Diallo,23,CAN,,665
164,Alexis Galarneau,25,CAN,,345
176,Liam Draxl,23,CAN,,321
377,Milos Raonic,34,CAN,,130
484,Juan Carlos Aguilar,26,CAN,,84
513,Alvin Nicholas Tudorica,23,CAN,,75
590,Steven Diez,33,CAN,,57
721,Taha Baadi,23,CAN,,36
791,Dan Martin,25,CAN,,30
830,Vasek Pospisil,34,CAN,,24
945,Justin Boulais,23,CAN,,17
949,Benjamin Thomas George,22,CAN,,17
27,Alejandro Tabilo,27,CHI,,1690
43,Nicolás Jarry,29,CHI,,1225
144,Tomás Barrios Vera,27,CHI,,407
146,Cristian Garín,28,CHI,,402
241,Matías Soto,25,CHI,,230
690,Diego Fernandez Flores,24,CHI,,41
806,Daniel Antonio Núñez,23,CHI,,28
910,Ignacio Antonio Becerra Otarola,24,CHI,,19
48,Zhizhen Zhang,28,CHN,,1075
57,Juncheng Shang,20,CHN,,1025
67,Yunchaokete Bu,23,CHN,,847
256,Yan Bai,35,CHN,,213
279,Fajing Sun,28,CHN,,192
291,Jie Cui,27,CHN,,181
373,Yi Zhou,19,CHN,,133
411,Yibing Wu,25,CHN,,113
595,Ye Cong Mo,24,CHN,,57
596,Rigele Te,27,CHN,,56
703,Linang Xiao,24,CHN,,39
833,Tianhui Zhang,19,CHN,,24
879,Sheng Tang,25,CHN,,21
989,Pengyu Lu,23,CHN,,15
991,Zhenxiong Dong,26,CHN,,15
342,Eliakim Coulibaly,22,CIV,,149
125,Daniel Elahi Galán,28,COL,,468
209,Nicolás Mejía,25,COL,,270
348,Adria Soriano Barrera,25,COL,,144
645,Juan Sebastián Gómez,32,COL,,46
711,Johan Alexander Rodriguez,21,COL,,38
932,Juan Sebastian Osorio,27,COL,,18
890,Jesse Flores,29,CRC,,20
143,Borna Ćorić,28,CRO,,410
163,Duje Ajduković,24,CRO,,345
186,Marin Čilić,36,CRO,,313
278,Matej Dodig,19,CRO,,194
297,Mili Poljičak,20,CRO,,177
385,Luka Mikrut,20,CRO,,126
392,Dino Prižmić,19,CRO,,121
417,Borna Gojo,26,CRO,,111
592,Nino Serdarušić,28,CRO,,57
915,Josip Simundza,20,CRO,,19
966,Nikola Basic,23,CRO,,16
24,Jiří Lehečka,23,CZE,,1935
25,Tomáš Macháč,24,CZE,,1855
53,Jakub Menšík,19,CZE,,1042
120,Vít Kopřiva,27,CZE,,491
208,Dalibor Svrčina,22,CZE,,271
247,Marek Gengel,29,CZE,,222
347,Jiří Veselý,31,CZE,,144
375,Jakub Nicod,20,CZE,,132
378,Michael Vrbenský,25,CZE,,129
383,Zdeněk Kolář,28,CZE,,126
401,Hynek Bartoň,20,CZE,,118
474,Jonáš Forejtek,23,CZE,,86
506,Andrew Paulson,23,CZE,,78
508,Martin Krumich,22,CZE,,77
527,Dominik Kellovský,28,CZE,,72
617,Dominik Palan,24,CZE,,52
800,Tadeáš Paroulek,25,CZE,,28
809,Jakub Filip,19,CZE,,27
827,Matthew William Donald,20,CZE,,25
863,Maxim Mrva,17,CZE,,22
893,Daniel Pátý,25,CZE,,20
909,Petr Brunclik,18,CZE,,19
931,Matyáš Černý,23,CZE,,18
12,Holger Rune,21,DEN,,2970
154,Elmer Møller,21,DEN,,372
201,August Holmgren,26,DEN,,289
686,Christian Sigsgaard,27,DEN,,41
783,Kane Bonsach Ganley,20,DEN,,30
815,Philip Hjorth,25,DEN,,26
228,Nick Hardt,24,DOM,,240
452,Roberto Cid Subervi,31,DOM,,94
465,Peter Bertran,28,DOM,,89
237,Andrés Andrade,26,ECU,,232
276,Álvaro Guillén Meza,22,ECU,,195
485,Mohamed Safwat,34,EGY,,84
664,Amr Elsayed,25,EGY,,44
704,Fares Zakaria,23,EGY,,39
871,Michael Bassem Sobhy,20,EGY,,22
877,Karim Mohamed Maamoun,33,EGY,,21
3,Carlos Alcaraz,21,ESP,ES,7510
35,Pedro Martínez,27,ESP,ES,1385
47,Alejandro Davidovich Fokina,25,ESP,ES,1095
49,Roberto Carballés Baena,31,ESP,ES,1071
52,Roberto Bautista Agut,36,ESP,ES,1052
56,Jaume Munar,27,ESP,ES,1032
111,Pablo Carreño Busta,33,ESP,ES,524
137,Martin Landaluce,19,ESP,ES,429
147,Alejandro Moro Cañas,24,ESP,ES,391
171,Rafael Nadal,38,ESP,ES,330
172,Carlos Taberner,27,ESP,ES,330
205,Albert Ramos Viñolas,37,ESP,ES,274
243,Daniel Rincon,22,ESP,ES,224
246,Javier Barranco Cosano,26,ESP,ES,222
250,Oriol Roca Batalla,31,ESP,ES,219
252,Pol Martín Tiffon,25,ESP,ES,217
262,Carlos Sánchez Jover,24,ESP,ES,205
310,Bernabé Zapata Miralles,28,ESP,ES,166
320,Nicolás Álvarez Varona,23,ESP,ES,162
321,Daniel Mérida,20,ESP,ES,162
343,Alex Martí Pujolras,26,ESP,ES,149
344,Nikolás Sánchez Izquierdo,25,ESP,ES,146
382,Pablo Llamas Ruiz,22,ESP,ES,126
413,Max Alcalá Gurri,22,ESP,ES,113
421,David Jordá Sanchis,30,ESP,ES,110
428,Miguel Damas,25,ESP,ES,108
464,Carlos Lopez Montagud,24,ESP,ES,90
532,Iñaki Montes De La Torre,22,ESP,ES,70
544,Alberto Barroso Campos,28,ESP,ES,67
572,Alejo Sanchez Quilez,19,ESP,ES,62
578,Mario Gonzalez Fernandez,22,ESP,ES,61
579,Alex Martinez,23,ESP,ES,60
601,Diego Augusto Barreto Sánchez,22,ESP,ES,56
665,Alejandro Manzanera Pertusa,21,ESP,ES,44
674,Imanol López Morillo,25,ESP,ES,43
685,Pedro Vives Marcos,23,ESP,ES,41
696,John Echeverria,23,ESP,ES,40
710,Albert Pedrico Kravtsov,19,ESP,ES,38
717,Sergi Perez Contri,27,ESP,ES,37
719,Carlos Gimeno Valero,23,ESP,ES,36
759,Ivan Marrero Curbelo,26,ESP,ES,32
823,Benjamin Winter Lopez,26,ESP,ES,25
898,Sergio Callejon Hernando,20,ESP,ES,20
902,Rafael Jodar,18,ESP,ES,19
914,Tomas Curras Abasolo,24,ESP,ES,19
202,Mark Lajal,21,EST,,282
459,Daniil Glinka,24,EST,,92
897,Kristjan Tamm,26,EST,,20
109,Otto Virtanen,23,FIN,,527
225,Emil Ruusuvuori,25,FIN,,244
571,Eero Vasa,28,FIN,,62
971,Patrick Kaukovalta,26,FIN,,16
14,Ugo Humbert,26,FRA,FR,2825
19,Arthur Fils,20,FRA,FR,2355
29,Giovanni Mpetshi Perricard,21,FRA,FR,1580
39,Gaël Monfils,38,FRA,FR,1280
58,Alexandre Müller,28,FRA,FR,990
61,Arthur Rinderknech,29,FRA,FR,911
62,Benjamin Bonzi,28,FRA,FR,910
65,Corentin Moutet,25,FRA,FR,872
75,Quentin Halys,28,FRA,FR,751
91,Hugo Gaston,24,FRA,FR,636
96,Lucas Pouille,30,FRA,FR,616
100,Arthur Cazaux,22,FRA,FR,582
127,Adrian Mannarino,36,FRA,FR,461
132,Harold Mayot,23,FRA,FR,448
145,Richard Gasquet,38,FRA,FR,404
150,Grégoire Barrère,31,FRA,FR,381
151,Kyrian Jacquet,23,FRA,FR,376
153,Luca Van Assche,20,FRA,FR,372
157,Terence Atmane,23,FRA,FR,361
158,Ugo Blanchet,26,FRA,FR,360
162,Pierre Hugues Herbert,33,FRA,FR,345
168,Constant Lestienne,32,FRA,FR,336
178,Calvin Hémery,30,FRA,FR,319
182,Valentin Royer,23,FRA,FR,315
190,Titouan Droguet,23,FRA,FR,310
196,Hugo Grenier,28,FRA,FR,306
214,Antoine Escoffier,32,FRA,FR,265
232,Gabriel Debru,19,FRA,FR,235
236,Arthur Bouquier,24,FRA,FR,232
239,Clément Chidekh,23,FRA,FR,231
242,Enzo Couacaud,29,FRA,FR,229
244,Sascha Gueymard Wayenburg,21,FRA,FR,224
261,Geoffrey Blancaneaux,26,FRA,FR,206
263,Mattéo Martineau,26,FRA,FR,205
268,Robin Bertrand,21,FRA,FR,201
286,Maxime Janvier,28,FRA,FR,184
287,Manuel Guinard,29,FRA,FR,184
290,Arthur Géa,20,FRA,FR,183
303,Mathys Erhard,23,FRA,FR,173
322,Corentin Denolly,27,FRA,FR,162
327,Maxime Chazal,31,FRA,FR,158
339,Clément Tabur,25,FRA,FR,150
362,Luka Pavlovic,24,FRA,FR,137
396,Lilian Marmousez,23,FRA,FR,120
429,Lucas Poullain,29,FRA,FR,108
444,Jules Marie,33,FRA,FR,101
455,Tom Paris,22,FRA,FR,93
457,Laurent Lokoli,30,FRA,FR,93
483,Lucas Bouquet,27,FRA,FR,85
490,Florent Bax,25,FRA,FR,83
514,Benoît Paire,35,FRA,FR,75
521,Dan Added,25,FRA,FR,74
530,Mathias Bourgue,31,FRA,FR,71
540,Antoine Cornut Chauvinc,24,FRA,FR,67
548,Arthur Reymond,25,FRA,FR,66
554,Arthur Weber,32,FRA,FR,65
563,Alexis Gautier,27,FRA,FR,63
568,Antoine Ghibaudo,20,FRA,FR,62
569,Maé Malige,18,FRA,FR,62
600,Louis Dussin,25,FRA,FR,56
603,Théo Papamalamis,19,FRA,FR,55
626,Constantin Bittoun Kouzmine,26,FRA,FR,51
634,Tristan Lamasine,31,FRA,FR,49
637,Loann Massard,19,FRA,FR,49
641,Timo Legout,22,FRA,FR,47
657,Maxence Beaugé,24,FRA,FR,45
683,Kenny de Schepper,37,FRA,FR,42
705,Maxence Rivet,21,FRA,FR,39
728,Antoine Hoang,29,FRA,FR,35
737,Axel Garcian,22,FRA,FR,34
747,Etienne Donnet,24,FRA,FR,33
748,Guillaume Dalmasso,22,FRA,FR,33
772,Alexandre Reco,25,FRA,FR,31
789,Louis Tessa,26,FRA,FR,30
811,Enzo Wallart,28,FRA,FR,27
821,Evan Furness,26,FRA,FR,25
822,Yanis Ghazouani Durand,24,FRA,FR,25
824,Alexandre Aubriot,25,FRA,FR,25
837,Fabien Salle,25,FRA,FR,24
842,Maxence Bertimon,25,FRA,FR,24
850,Amaury Raynel,22,FRA,FR,23
862,Felix Balshaw,18,FRA,FR,22
865,Cyril Vandermeersch,25,FRA,FR,22
891,Pierre Delage,24,FRA,FR,20
918,Charlie Camus,18,FRA,FR,19
951,Nicolas Jadoun,22,FRA,FR,17
977,Lucas Marionneau,18,FRA,FR,15
983,Benjamin Pietri,28,FRA,FR,15
985,Robin Catry,22,FRA,FR,15
994,Luc Fomba,25,FRA,FR,15
996,Pablo Trochu,21,FRA,FR,15
999,Sean Cuenin,21,FRA,FR,14
15,Jack Draper,23,GBR,GB,2770
72,Cameron Norrie,29,GBR,GB,784
80,Jacob Fearnley,23,GBR,GB,739
110,Billy Harris,30,GBR,GB,527
175,Daniel Evans,34,GBR,GB,321
195,Jan Choinski,28,GBR,GB,307
218,Paul Jubb,25,GBR,GB,260
274,Jay Clarke,26,GBR,GB,196
284,Johannus Monday,23,GBR,GB,186
305,Charles Broom,26,GBR,GB,172
353,Jack Pinnington Jones,21,GBR,GB,142
371,Giles Hussey,27,GBR,GB,134
387,Oliver Crawford,25,GBR,GB,125
405,Anton Matusevich,23,GBR,GB,116
407,Henry Searle,18,GBR,GB,115
418,Alastair Gray,26,GBR,GB,111
442,Ryan Peniston,29,GBR,GB,101
456,Arthur Fery,22,GBR,GB,93
468,Aidan McHugh,24,GBR,GB,88
478,George Loffhagen,23,GBR,GB,85
479,Kyle Edmund,30,GBR,GB,85
545,Emile Hudd,24,GBR,GB,67
561,Stuart Parker,27,GBR,GB,64
588,Max Basing,22,GBR,GB,57
597,Felix Gill,22,GBR,GB,56
630,Harry Wendelken,23,GBR,GB,50
648,Ewen Lumsden,25,GBR,GB,46
660,Ben Jones,26,GBR,GB,45
679,Hamish Stewart,25,GBR,GB,42
702,Liam Broady,31,GBR,GB,39
708,James Story,23,GBR,GB,38
743,Oliver Tarvet,21,GBR,GB,33
831,Millen Hurrion,25,GBR,GB,24
840,Toby Martin,32,GBR,GB,24
864,Patrick Brady,20,GBR,GB,22
868,Matthew Summers,26,GBR,GB,22
953,Finn Bass,25,GBR,GB,17
148,Nikoloz Basilashvili,32,GEO,,383
415,Saba Purtseladze,23,GEO,,112
481,Aleksandre Bakshi,27,GEO,,85
731,Zura Tkemaladze,24,GEO,,35
2,Alexander Zverev,27,GER,DE,8135
44,Jan Lennard Struff,34,GER,DE,1200
74,Daniel Altmaier,26,GER,DE,768
108,Yannick Hanfmann,33,GER,DE,534
114,Dominik Koepfer,30,GER,DE,508
174,Henri Squire,24,GER,DE,324
198,Maximilian Marterer,29,GER,DE,296
203,Benjamin Hassan,30,GER,DE,281
249,Max Hans Rehberg,21,GER,DE,219
280,Rudolf Molleker,24,GER,DE,191
295,Daniel Masur,30,GER,DE,179
319,Christoph Negritu,30,GER,DE,162
337,Mats Rosenkranz,26,GER,DE,151
346,Justin Engel,17,GER,DE,144
391,Nicola Kuhn,24,GER,DE,121
397,Marko Topo,21,GER,DE,120
403,Patrick Zahraj,25,GER,DE,118
443,Lucas Gerch,30,GER,DE,101
472,Tom Gentzsch,21,GER,DE,87
493,Max Wiskandt,23,GER,DE,82
507,Marvin Möller,26,GER,DE,77
533,Florian Broska,27,GER,DE,70
558,Sebastian Fanselow,33,GER,DE,65
567,Diego Dedura Palomero,16,GER,DE,62
599,Liam Gavrielides,21,GER,DE,56
613,Louis Weßels,26,GER,DE,54
615,Tim Handel,28,GER,DE,53
624,Elmar Ejupovic,32,GER,DE,51
636,John Sperle,23,GER,DE,49
662,Adrian Oetzbach,27,GER,DE,45
663,Maik Steiner,30,GER,DE,44
692,Peter Heller,32,GER,DE,40
713,Marlon Vankan,24,GER,DE,38
777,Nino Ehrenschneider,23,GER,DE,30
786,Kai Wehnelt,29,GER,DE,30
807,Oscar Otte,31,GER,DE,27
810,Luca Wiedenmann,26,GER,DE,27
870,Lasse Poertner,19,GER,DE,22
874,Maximilian Homberg,22,GER,DE,21
894,Sebastian Prechtel,28,GER,DE,20
919,Niklas Schell,26,GER,DE,19
920,Benito Sánchez Martinez,22,GER,DE,18
980,Mariano Dedura Palomero,19,GER,DE,15
11,Stefanos Tsitsipas,26,GRE,,3005
488,Stefanos Sakellaridis,20,GRE,,84
591,Aristotelis Thanos,23,GRE,,57
812,Ioannis Xilas,23,GRE,,26
165,Coleman Wong,20,HKG,,343
54,Fábián Marozsán,25,HUN,,1035
87,Márton Fucsovics,33,HUN,,666
265,Zsombor Piros,25,HUN,,201
512,Peter Fajta,22,HUN,,76
715,Gergely Madarász,30,HUN,,37
131,Sumit Nagal,27,IND,,448
446,Ramkumar Ramanathan,30,IND,,97
448,Mukund Sasikumar,28,IND,,97
502,Karan Singh,21,IND,,79
582,Aryan Shah,19,IND,,59
610,Dev Javia,22,IND,,54
745,Siddharth Vishwakarma,30,IND,,33
773,Manas Dhamne,17,IND,,31
784,S D Prajwal Dev,28,IND,,30
853,Sidharth Rawat,31,IND,,23
861,Dhakshineswar Suresh,24,IND,,22
869,Adil Kalyanpur,25,IND,,22
929,Manish Sureshkumar,25,IND,,18
952,Chirag Duhan,21,IND,,17
997,Yuvan Nandal,19,IND,,15
462,Michael Agwi,21,IRL,,90
805,Peter Buldorini,20,IRL,,28
535,Yishai Oliel,25,ISR,,69
550,Daniel Cukierman,29,ISR,,65
654,Orel Kimhi,21,ISR,,45
895,Amit Vales,19,ISR,,20
1,Jannik Sinner,23,ITA,IT,11330
17,Lorenzo Musetti,22,ITA,IT,2650
30,Matteo Berrettini,28,ITA,IT,1520
32,Matteo Arnaldi,23,ITA,IT,1430
34,Lorenzo Sonego,29,ITA,IT,1401
38,Flavio Cobolli,22,ITA,IT,1345
59,Luciano Darderi,23,ITA,IT,985
68,Mattia Bellucci,23,ITA,IT,833
77,Luca Nardi,21,ITA,IT,749
90,Francesco Passaro,24,ITA,IT,658
92,Fabio Fognini,37,ITA,IT,629
200,Matteo Gigante,23,ITA,IT,293
217,Federico Arnaboldi,24,ITA,IT,261
229,Andrea Vavassori,29,ITA,IT,239
248,Stefano Napolitano,29,ITA,IT,219
253,Andrea Pellegrino,27,ITA,IT,216
257,Francesco Maestrelli,22,ITA,IT,211
269,Lorenzo Giustino,33,ITA,IT,200
281,Stefano Travaglia,33,ITA,IT,190
296,Enrico Dalla Valle,26,ITA,IT,178
306,Samuel Vincent Ruggeri,22,ITA,IT,171
314,Gianluca Mager,30,ITA,IT,164
316,Jacopo Berrettini,26,ITA,IT,164
351,Andrea Picchione,26,ITA,IT,143
359,Giulio Zeppieri,23,ITA,IT,138
388,Franco Agamenone,31,ITA,IT,124
394,Giovanni Fonio,26,ITA,IT,121
416,Gabriele Piraino,21,ITA,IT,112
420,Gabriele Pennaforti,24,ITA,IT,111
425,Marco Cecchinato,32,ITA,IT,109
433,Tommaso Compagnucci,25,ITA,IT,106
438,Raúl Brancaccio,27,ITA,IT,104
449,Gianluca Cadenasso,20,ITA,IT,96
454,Alexander Weis,27,ITA,IT,94
460,Alessandro Pecci,23,ITA,IT,91
470,Federico Iannaccone,25,ITA,IT,88
496,Facundo Juárez,27,ITA,IT,80
500,Giovanni Oradini,27,ITA,IT,79
509,Alexandr Binda,23,ITA,IT,77
517,Riccardo Bonadio,31,ITA,IT,74
518,Andrea Guerrieri,26,ITA,IT,74
519,Federico Bondioli,19,ITA,IT,74
524,Federico Cina,17,ITA,IT,73
525,Marcello Serafini,22,ITA,IT,72
542,Luca Potenza,24,ITA,IT,67
584,Gianmarco Ferrari,24,ITA,IT,59
604,Fabrizio Andaloro,24,ITA,IT,55
639,Alessandro Giannessi,34,ITA,IT,48
640,Mariano Tammaro,20,ITA,IT,48
651,Federico Gaio,32,ITA,IT,45
661,Leonardo Rossi,22,ITA,IT,45
687,Massimo Giunta,20,ITA,IT,41
722,Filippo Romano,19,ITA,IT,36
724,Giuseppe La Vela,24,ITA,IT,36
730,Samuele Pieri,22,ITA,IT,35
738,Luca Castagnola,22,ITA,IT,34
744,Edoardo Lavagno,26,ITA,IT,33
756,Fausto Tabacco,22,ITA,IT,32
762,Lorenzo Carboni,18,ITA,IT,32
763,Michele Ribecai,22,ITA,IT,32
782,Lorenzo Rottoli,23,ITA,IT,30
790,Niccolo Catini,27,ITA,IT,30
817,Carlo Alberto Caniato,19,ITA,IT,26
819,Pierluigi Basile,18,ITA,IT,25
826,Stefano D'Agostino,21,ITA,IT,25
831,Manuel Mazza,25,ITA,IT,24
838,Francesco Ferrari,27,ITA,IT,24
841,Gabriele Maria Noce,29,ITA,IT,24
844,Lorenzo Bocchi,27,ITA,IT,23
859,Noah Perfetti,23,ITA,IT,23
881,Luca Fantini,24,ITA,IT,21
889,Alessandro Bellifemine,23,ITA,IT,20
912,Iannis Miletich,19,ITA,IT,19
933,Gabriele Bosio,24,ITA,IT,18
935,Niccolo Ciavarella,20,ITA,IT,18
936,Pietro Marino,23,ITA,IT,18
942,Giorgio Tabacco,21,ITA,IT,17
944,Niccolo Baroni,21,ITA,IT,17
947,Luca Giacomini,27,ITA,IT,17
990,Andrea Fiorentini,24,ITA,IT,15
991,Gian Marco Ortenzi,25,ITA,IT,15
993,Matteo De Vincentis,26,ITA,IT,15
267,Abdullah Shelbayh,21,JOR,,201
60,Yoshihito Nishioka,29,JPN,,922
71,Kei Nishikori,35,JPN,,793
118,Taro Daniel,32,JPN,,501
156,Yasutaka Uchiyama,32,JPN,,365
166,Shintaro Mochizuki,21,JPN,,340
179,James Trotter,25,JPN,,317
180,Yuta Shimizu,25,JPN,,317
189,Sho Shimabukuro,27,JPN,,311
230,Rio Noguchi,26,JPN,,237
332,Masamichi Imamura,26,JPN,,155
345,Yosuke Watanuki,26,JPN,,144
355,Naoki Nakagawa,28,JPN,,141
365,Kaichi Uchida,30,JPN,,136
370,Rei Sakamoto,18,JPN,,134
406,Hiroki Moriya,34,JPN,,116
453,Kokoro Isomura,22,JPN,,94
515,Yusuke Takahashi,27,JPN,,75
543,Hikaru Shiraishi,24,JPN,,67
557,Takuya Kumasaka,26,JPN,,65
566,Shintaro Imai,31,JPN,,62
575,Ryotaro Taguchi,24,JPN,,61
583,Keisuke Saitoh,23,JPN,,59
619,Ryuki Matsuda,25,JPN,,52
644,Kosuke Ogura,29,JPN,,47
647,Kenta Miyoshi,20,JPN,,46
671,Taisei Ichikawa,24,JPN,,43
673,Yuki Mochizuki,27,JPN,,43
682,Hayato Matsuoka,20,JPN,,42
741,Leo Vithoontien,25,JPN,,34
757,Tomohiro Masabayashi,26,JPN,,32
814,Shinji Hazawa,25,JPN,,26
849,Renta Tokuda,26,JPN,,23
867,Yuta Kikuchi,25,JPN,,22
873,Jay Dylan Hara Friend,21,JPN,,21
887,Naoya Honda,18,JPN,,20
899,Taiyo Yamanaka,23,JPN,,20
903,Kaito Uesugi,29,JPN,,19
923,Seita Watanabe,24,JPN,,18
943,Sora Fukuda,27,JPN,,17
946,Yuta Kawahashi,27,JPN,,17
954,Daisuke Sumizawa,26,JPN,,17
962,Ryotero Matsumura,28,JPN,,16
50,Alexander Bublik,27,KAZ,,1065
95,Alexander Shevchenko,24,KAZ,,618
139,Mikhail Kukushkin,37,KAZ,,420
181,Timofey Skatov,24,KAZ,,316
206,Dmitry Popko,28,KAZ,,272
216,Beibit Zhukayev,24,KAZ,,262
258,Denis Yevseyev,31,KAZ,,210
860,Grigoriy Lomakin,26,KAZ,,23
213,Seongchan Hong,27,KOR,,265
368,Soonwoo Kwon,27,KOR,,135
389,Gerard Campana Lee,20,KOR,,123
564,Woobin Shin,21,KOR,,63
672,Sanhui Shin,27,KOR,,43
720,JiSung Nam,31,KOR,,36
726,Hyeon Chung,28,KOR,,35
795,Duck-hee Lee,26,KOR,,29
884,Yun seong Chung,26,KOR,,20
964,Chan yeong Oh,26,KOR,,16
976,Uisung Park,24,KOR,,15
402,Robert Strombachs,25,LAT,,118
727,Karlis Ozolins,22,LAT,,35
167,Hady Habib,26,LBN,,339
183,Vilius Gaubas,20,LTU,,315
234,Edas Butvilas,20,LTU,,234
299,Ričardas Berankis,34,LTU,,175
264,Chris Rodesch,23,LUX,,203
718,Alex Knaff,27,LUX,,37
616,Elliot Benchetrit,26,MAR,,52
618,Mitsuki Wei Kang Leong,20,MAS,,52
177,Radu Albot,35,MDA,,319
598,Ilya Snițari,22,MDA,,56
354,Rodrigo Pacheco Mendez,19,MEX,,142
447,Ernesto Escobedo,28,MEX,,97
653,Alex Hernandez,25,MEX,,45
768,Alan Fernando Rubio Fierros,26,MEX,,31
847,Luis Carlos Alvarez,20,MEX,,23
888,Alan Magadan,23,MEX,,20
939,Petar Jovanovic,21,MNE,,17
255,Valentin Vacherot,26,MON,,214
45,Tallon Griekspoor,28,NED,,1120
79,Botic van de Zandschulp,29,NED,,747
104,Jesper de Jong,24,NED,,562
191,Gijs Brouwer,28,NED,,308
302,Max Houkes,24,NED,,173
333,Jelle Sels,29,NED,,154
335,Guy Den Ouden,22,NED,,153
398,Ryan Nijboer,25,NED,,119
450,Michiel De Krom,26,NED,,96
523,Stijn Slump,26,NED,,73
559,Niels Visker,23,NED,,65
655,Deney Wassermann,23,NED,,45
707,Sander Jong,24,NED,,38
835,Mees Rottgering,17,NED,,24
904,Alec Deckers,24,NED,,19
907,Niels Lootsma,30,NED,,19
908,Elgin Khoeblal,23,NED,,19
956,Abel Forger,19,NED,,17
967,Sidane Pontjodikromo,24,NED,,16
969,Brian Bozemoj,21,NED,,16
694,Colin Sinclair,30,NMI,,40
5,Casper Ruud,26,NOR,,4325
266,Viktor Durasovic,27,NOR,,201
430,Nicolai Budkov Kjaer,18,NOR,,107
482,Ajeet Rai,26,NZL,,85
487,Kiranpal Pannu,28,NZL,,84
778,James Watt,24,NZL,,30
780,Alexander Klintcharov,28,NZL,,30
921,Jack Loutit,20,NZL,,18
937,Corban Crowther,21,NZL,,18
984,Isaac Becroft,24,NZL,,15
197,Adolfo Daniel Vallejo,20,PAR,,300
187,Juan Pablo Varillas,29,PER,,312
224,Ignacio Buse,20,PER,,245
270,Gonzalo Bueno,20,PER,,198
802,Conner Huertas del Pino,29,PER,,28
20,Hubert Hurkacz,28,POL,,2265
117,Kamil Majchrzak,29,POL,,504
221,Maks Kaśnikowski,21,POL,,249
336,Daniel Michalski,25,POL,,152
486,Pawel Juszczak,30,POL,,84
585,Olaf Pieczkowski,20,POL,,59
612,Filip Peliwo,31,POL,,54
751,Filip Pieczonka,20,POL,,33
787,Martyn Pawelski,20,POL,,30
882,Jasza Szajrych,22,POL,,21
916,Tomasz Berkieta,18,POL,,19
941,Maciej Rajski,33,POL,,17
37,Nuno Borges,28,POR,,1345
94,Jaime Faria,21,POR,,624
159,Henrique Rocha,20,POR,,360
260,Frederico Ferreira Silva,29,POR,,208
366,Gastão Elias,34,POR,,136
410,Pedro Araújo,22,POR,,114
475,Duarte Vale,26,POR,,86
504,Tiago Pereira,20,POR,,79
552,João Domingues,31,POR,,65
770,Francisco Rocha,25,POR,,31
854,Diogo Marques,25,POR,,23
957,João Sousa,35,POR,,16
227,Filip Jianu,23,ROU,,242
330,Cezar Crețu,23,ROU,,157
367,Nicholas David Ionel,22,ROU,,136
374,Gabi Adrian Boitan,25,ROU,,133
458,Dan Alexandru Tomescu,25,ROU,,93
511,Stefan Palosi,25,ROU,,76
602,Sebastian Gima,22,ROU,,56
621,Radu Mihai Papoe,22,ROU,,51
740,Stefan Adrian Andreescu,23,ROU,,34
749,Bogdan Pavel,25,ROU,,33
750,Ioan Alexandru Chirita,22,ROU,,33
825,Dragos Nicolae Cazacu,21,ROU,,25
857,Vlad Andrei Dancu,25,ROU,,23
872,Mihai Razvan Marinescu,23,ROU,,22
141,Lloyd Harris,27,RSA,,416
324,Philip Henning,24,RSA,,160
361,Kris Van Wyk,28,RSA,,138
580,Alec Beckley,23,RSA,,60
701,Devin Badenhorst,20,RSA,,39
764,Khololwam Montsi,22,RSA,,31
6,Daniil Medvedev,29,RUS,,4030
10,Andrey Rublev,27,RUS,,3270
23,Karen Khachanov,28,RUS,,1960
70,Roman Safiullin,27,RUS,,823
106,Pavel Kotov,26,RUS,,560
192,Alibek Kachmazov,22,RUS,,308
210,Aslan Karatsev,31,RUS,,267
271,Marat Sharipov,22,RUS,,197
285,Ilia Simakin,21,RUS,,185
312,Ivan Gakhov,28,RUS,,166
317,Alexey Vatutin,32,RUS,,164
379,Alexey Zakharov,24,RUS,,128
384,Evgeny Karlovskiy,30,RUS,,126
393,Petr Bar Biryukov,22,RUS,,121
412,Evgenii Tiurnev,27,RUS,,113
469,Svyatoslav Gulin,22,RUS,,88
477,Egor Agafonov,22,RUS,,86
520,Kirill Kivattsev,27,RUS,,74
528,Bogdan Bobrov,27,RUS,,72
605,Evgeny Donskoy,34,RUS,,54
625,Maxim Zhukov,20,RUS,,51
627,Savva Polukhin,26,RUS,,50
684,Andrey Chepelev,26,RUS,,42
697,Nikolay Vylegzhanin,24,RUS,,40
699,Yaroslav Demin,19,RUS,,40
729,Mikhail Gorokhov,21,RUS,,35
781,Denis Klok,26,RUS,,30
816,Evgeny Philippov,23,RUS,,26
843,Saveliy Ivanov,20,RUS,,24
883,Ivan Nedelko,38,RUS,,20
934,Aleksandr Lobanov,23,RUS,,18
959,Savriyan Danilov,24,RUS,,16
978,Aristarkh Safonov,21,RUS,,15
900,Seydina Andre,21,SEN,,20
451,Bor Artnak,20,SLO,,94
746,Filip Jeff Planinsek,23,SLO,,33
793,Blaž Rola,34,SLO,,29
995,Jan Kupčič,23,SLO,,15
7,Novak Djoković,37,SRB,,3900
42,Miomir Kecmanović,25,SRB,,1236
69,Hamad Medjedović,21,SRB,,829
99,Dušan Lajović,34,SRB,,592
102,Laslo Djere,29,SRB,,571
439,Stefan Popović,21,SRB,,103
607,Branko Djuric,20,SRB,,54
609,Dušan Obradović,23,SRB,,54
706,Filip Krajinović,32,SRB,,38
776,Miljan Zekić,36,SRB,,30
779,Vuk Radjenovic,19,SRB,,30
848,Nikola Milojević,29,SRB,,23
852,Saša Marković,19,SRB,,23
924,Viktor Jović,23,SRB,,18
987,Stefan Latinovic,25,SRB,,15
988,Aleksa Pisaric,19,SRB,,15
122,Alexander Ritschard,30,SUI,,480
129,Jérôme Kym,22,SUI,,449
161,Stan Wawrinka,39,SUI,,349
170,Marc-Andrea Hüsler,28,SUI,,334
288,Remy Bertola,26,SUI,,184
289,Dominic Stricker,22,SUI,,183
293,Leandro Riedi,23,SUI,,180
309,Mika Brunold,20,SUI,,169
340,Jakub Paul,25,SUI,,150
553,Damien Wenger,24,SUI,,65
589,Kilian Feldbausch,19,SUI,,57
635,Johan Nikles,27,SUI,,49
670,Antoine Bellier,28,SUI,,43
792,Henry Bernet,18,SUI,,29
798,Luca Castelnuovo,28,SUI,,29
803,Adrian Bodmer,29,SUI,,28
921,Patrick Schoen,19,SUI,,18
965,Andrin Casanova,20,SUI,,16
998,Dylan Dietrich,20,SUI,,14
124,Jozef Kovalík,32,SVK,,472
149,Lukáš Klein,26,SVK,,381
298,Martin Kližan,35,SVK,,176
400,Norbert Gombos,34,SVK,,118
426,Miloš Karol,22,SVK,,109
427,Andrej Martin,35,SVK,,108
434,Lukáš Pokorný,22,SVK,,106
531,Alex Molčan,27,SVK,,70
813,Peter Benjamin Privara,20,SVK,,26
254,Elias Ymer,28,SWE,,215
494,Leo Borg,21,SWE,,81
646,Olle Wallin,23,SWE,,46
736,Adam Heinonen,22,SWE,,34
753,Mikael Ymer,26,SWE,,32
880,Sebastian Eriksson,19,SWE,,21
925,John Hallquist Lithen,23,SWE,,18
510,Hazem Naw,25,SYR,,76
424,Kasidit Samrej,24,THA,,109
676,Maximus Jones,20,THA,,43
709,Thanapet Chanta,25,THA,,38
712,Wishaya Trongcharoenchaikul,29,THA,,38
834,Pawit Sornlaksup,25,THA,,24
212,Aziz Dougaz,27,TUN,,265
480,Moez Echargui,32,TUN,,85
650,Aziz Ouakaa,25,TUN,,46
828,Skander Mansouri,29,TUN,,24
300,Ergi Kırkın,26,TUR,,175
471,Altuğ Çelikbilek,28,TUR,,87
606,Yankı Erel,24,TUR,,54
642,Cem İlkel,29,TUR,,47
796,Cengiz Aksu,26,TUR,,29
851,Mert Alkaya,24,TUR,,23
892,Mert Naci Türker,26,TUR,,20
917,Kuzey Cekirge,24,TUR,,19
962,Arda Azkara,21,TUR,,16
98,Chun Hsin Tseng,23,TWN,,605
222,Yu-hsiou Hsu,25,TWN,,246
233,Tung Lin Wu,26,TWN,,234
698,Tsung Hao Huang,25,TWN,,40
876,Kuan Yi Lee,28,TWN,,21
307,Oleksandr Ovcharenko,23,UKR,,170
315,Oleg Prihodko,27,UKR,,164
386,Vitaliy Sachko,27,UKR,,125
408,Vadym Ursu,28,UKR,,115
498,Yurii Dzhavakian,31,UKR,,80
503,Eric Vanshelboim,23,UKR,,79
538,Oleksii Krutykh,24,UKR,,69
547,Illya Marchenko,37,UKR,,66
556,Viacheslav Bielinskyi,21,UKR,,65
586,Vladyslav Orlov,29,UKR,,58
675,Aleksandr Braynin,25,UKR,,43
855,Illya Beloborodko,23,UKR,,23
866,Georgii Kravchenko,24,UKR,,22
878,Nikita Mashtakov,25,UKR,,21
372,Franco Roncadelli,25,URU,,134
839,Joaquin Aguilar Cardozo,19,URU,,24
4,Taylor Fritz,27,USA,US,4900
9,Tommy Paul,27,USA,US,3280
13,Ben Shelton,22,USA,US,2930
18,Frances Tiafoe,27,USA,US,2485
22,Sebastian Korda,24,USA,US,2000
33,Alex Michelsen,20,USA,US,1420
40,Brandon Nakashima,23,USA,US,1265
51,Marcos Giron,31,USA,US,1060
82,Learner Tien,19,USA,US,732
85,Aleksandar Kovačević,26,USA,US,692
103,Christopher Eubanks,28,USA,US,567
105,Nishesh Basavareddy,19,USA,US,562
112,Tristan Boyer,23,USA,US,523
113,Reilly Opelka,27,USA,US,516
116,Mackenzie McDonald,29,USA,US,505
119,Nicolas Moreno De Alboran,27,USA,US,501
138,Mitchell Krueger,31,USA,US,423
142,Ethan Quinn,20,USA,US,413
155,Brandon Holt,26,USA,US,366
184,Zachary Svajda,22,USA,US,314
188,Eliot Spizzirri,23,USA,US,311
235,Emilio Nava,23,USA,US,232
238,J.J. Wolf,26,USA,US,231
251,Murphy Cassone,22,USA,US,218
259,Colton Smith,21,USA,US,209
277,Michael Mmoh,27,USA,US,194
282,Aidan Mayo,21,USA,US,188
326,Maxime Cressy,27,USA,US,159
334,Christian Langmo,28,USA,US,154
349,Patrick Kypson,25,USA,US,143
352,Toby Kodat,22,USA,US,143
357,Denis Kudla,32,USA,US,140
358,Stefan Kozlov,27,USA,US,140
380,Andre Ilagan,24,USA,US,128
404,Ryan Seggerman,25,USA,US,117
414,Tyler Zink,24,USA,US,112
419,Micah Braswell,23,USA,US,111
423,Govind Nanda,24,USA,US,109
431,Garrett Johns,24,USA,US,107
445,Patrick Maloney,25,USA,US,99
489,Alafia Ayeni,25,USA,US,83
491,Stefan Dostanic,23,USA,US,82
499,Omni Kumar,23,USA,US,79
501,Bruno Kuzuhara,20,USA,US,79
505,Martin Damm,21,USA,US,78
529,Andres Martin,23,USA,US,71
536,Keegan Smith,26,USA,US,69
539,Thai Son Kwiatkowski,30,USA,US,68
546,Alfredo Perez,27,USA,US,66
551,Harrison Adams,30,USA,US,65
555,Cannon Kingsley,23,USA,US,65
574,Felix Corwin,28,USA,US,61
581,Samir Banerjee,21,USA,US,59
594,Alex Rybakov,28,USA,US,57
608,Strong Kirchheimer,29,USA,US,54
620,Jacob Brumm,26,USA,US,52
628,Trey Hilderbrand,24,USA,US,50
629,Evan Zhu,26,USA,US,50
631,Aidan Kim,20,USA,US,49
633,Karl Poling,25,USA,US,49
659,Maxwell Mckennon,22,USA,US,45
666,Noah Schachter,25,USA,US,44
668,Trevor Svajda,18,USA,US,43
669,Kyle Kang,20,USA,US,43
677,Tristan McCormick,25,USA,US,43
680,Nick Chappell,32,USA,US,42
691,Adam Neff,23,USA,US,40
723,Nathan Ponwith,26,USA,US,36
725,Michael Zheng,21,USA,US,35
732,Dali Blanch,21,USA,US,35
733,Tennys Sandgren,33,USA,US,34
734,Rudy Quan,18,USA,US,34
735,Quinn Vandecasteele,22,USA,US,34
742,Gavin Young,22,USA,US,33
752,William Grant,24,USA,US,33
754,Daniel Milavsky,23,USA,US,32
758,Adhithya Ganesan,19,USA,US,32
761,Alexander Stater,25,USA,US,32
769,Darwin Blanch,17,USA,US,31
774,Ezekiel Clark,26,USA,US,31
775,Kaylan Bigun,18,USA,US,30
785,Joshua Sheehy,28,USA,US,30
794,Ozan Baris,20,USA,US,29
799,Miles Jones,24,USA,US,29
808,Ulises Blanch,26,USA,US,27
845,Alexander Bernard,21,USA,US,23
846,Jack Anthrop,21,USA,US,23
856,Preston Brown,23,USA,US,23
858,Collin Altamirano,29,USA,US,23
875,Alexander Kotzen,24,USA,US,21
885,Isaiah Strode,27,USA,US,20
896,Andrew Fenty,24,USA,US,20
905,Cooper Williams,19,USA,US,19
911,Matt Kuhar,28,USA,US,19
925,Tyler Stice,24,USA,US,18
927,Victor Lilov,21,USA,US,18
930,Mwendwa Mbithi,27,USA,US,18
938,Michael Zhu,32,USA,US,18
960,Henrik Wiersholm,27,USA,US,16
961,Eric Hadigian,25,USA,US,16
968,Ryan Fishback,22,USA,US,16
226,Khumoyun Sultanov,26,UZB,,243
576,Sergey Fomin,24,UZB,,61
240,Gonzalo Oliveira,30,VEN,,231
818,Ignacio Parisca Romera,19,VEN,,26
638,Nam Hoang Ly,27,VIE,,48
323,Benjamin Lock,31,ZIM,,161